cell_id,fr_state,nrg_state,reward,terminated,truncated,cumulative_reward,average_reward
8,2.0,6.3940824e-05,-0.20643587600259877,0,0,-0.20643587600259877,-0.20643587600259877
8,-2.0,3.7580372e-05,-0.20780108909874057,0,0,-0.41423696510133934,-0.20711848255066967
8,-26.0,8.4139676e-05,-0.31835348199873065,0,0,-0.7325904471000699,-0.2441968157000233
8,2.0,5.4781262e-06,-0.17720452476112938,0,0,-0.9097949718611993,-0.22744874296529982
8,-2.0,3.2190255e-05,-0.20510603081255055,0,0,-1.1149010026737498,-0.22298020053474996
8,-4.0,1.629496e-05,-0.20443112667470073,0,0,-1.3193321293484506,-0.21988868822474175
8,21.0,0.00012313623,-0.16694264005689716,0,0,-1.4862747694053478,-0.21232496705790682
8,51.0,7.554775e-05,-0.03405749987630937,0,0,-1.5203322692816572,-0.19004153366020715
8,65.0,0.00013755799,-0.0141535301115999,0,0,-1.534485799393257,-0.17049842215480634
8,-2.0,3.9779876e-05,-0.20890084098844625,0,0,-1.7433866403817033,-0.17433866403817033
8,-2.0,4.5056017e-06,-0.19126370310603474,0,0,-1.934650343487738,-0.17587730395343074
8,-4.0,1.3357396e-06,-0.19695151614776646,0,0,-2.1316018596355044,-0.1776334883029587
8,2.0,6.3779107e-06,-0.17765441689460373,0,0,-2.309256276530108,-0.1776350981946237
8,0.0,8.608573e-05,-0.22478105019598102,0,0,-2.534037326726089,-0.18100266619472064
8,2.0,0.000102864535,-0.22589773129491902,0,0,-2.759935058021008,-0.18399567053473387
8,-20.0,4.2390086e-05,-0.2756605003383646,0,0,-3.035595558359373,-0.1897247223974608
8,61.0,0.00013032333,-0.025081690063763602,0,0,-3.0606772484231364,-0.18003983814253743
8,4.0,1.6255197e-05,-0.17532033961086368,0,0,-3.235997588034,-0.17977764377966665
8,-20.0,8.942245e-05,-0.2991766829398165,0,0,-3.5351742709738163,-0.18606180373546402
8,4.0,1.2584218e-07,-0.16725566223665905,0,0,-3.7024299332104755,-0.18512149666052377
8,-2.0,5.567063e-05,-0.216846217623044,0,0,-3.9192761508335194,-0.186632197658739
8,4.0,1.0438526e-05,-0.17241200435726736,0,0,-4.091688155190787,-0.18598582523594487
8,0.0,8.513281e-05,-0.22430458556680774,0,0,-4.315992740757594,-0.18765185829380845
8,5.0,2.2497714e-05,-0.17480523850588894,0,0,-4.490797979263483,-0.18711658246931182
8,0.0,7.040149e-05,-0.21693892668752765,0,0,-4.707736905951011,-0.18830947623804042
8,4.0,7.087314e-05,-0.20262931179075336,0,0,-4.910366217741764,-0.188860239143914
8,27.0,9.290304e-05,-0.13000788580446337,0,0,-5.0403741035462275,-0.18668052235356397
8,-12.0,8.822979e-05,-0.2694894481804857,0,0,-5.309863551726713,-0.18963798399023976
8,20.0,3.8100497e-05,-0.12806118022470567,0,0,-5.437924731951419,-0.1875146459293593
8,0.0,3.8392413e-05,-0.20093438815145587,0,0,-5.638859120102875,-0.18796197067009585
8,0.0,2.2294202e-05,-0.1928852830436716,0,0,-5.831744403146547,-0.1881207871982757
8,15.0,7.220163e-05,-0.16329354535608384,0,0,-5.995037948502631,-0.18734493589070722
8,8.0,3.4820925e-05,-0.17005771588354204,0,0,-6.165095664386173,-0.18682108073897494
8,-28.0,2.7979853e-05,-0.29754628877906897,0,0,-6.4626419531652415,-0.19007770450486006
8,20.0,0.00010318302,-0.16060244034795854,0,0,-6.6232443935132,-0.18923555410037715
8,23.0,5.6791647e-05,-0.12649762522249317,0,0,-6.749742018735693,-0.18749283385376925
8,15.0,0.000162947,-0.20866623710661028,0,0,-6.958408255842303,-0.18806508799573793
8,0.0,0.00010782602,-0.23565119098692036,0,0,-7.194059446829224,-0.18931735386392692
8,29.0,5.6121313e-05,-0.10434429835348223,0,0,-7.298403745182706,-0.18713855756878733
8,21.0,0.00018508972,-0.19791938852338886,0,0,-7.496323133706095,-0.18740807834265238
8,-4.0,9.920825e-05,-0.24588777314691637,0,0,-7.742210906853011,-0.18883441236226858
8,0.0,1.5895468e-05,-0.18968591581850147,0,0,-7.931896822671513,-0.18885468625408364
8,-47.0,0.00015379293,-0.4295437474158297,0,0,-8.361440570087343,-0.194452106281101
8,-40.0,4.2008836e-05,-0.3481971506383905,0,0,-8.709637720725734,-0.1979463118346758
8,2.0,9.455658e-05,-0.22174375247030353,0,0,-8.931381473196037,-0.19847514384880083
8,12.0,3.941077e-05,-0.1578071970847139,0,0,-9.089188670280752,-0.19759105804958157
8,2.0,0.0001242998,-0.23661536168127156,0,0,-9.325804031962024,-0.19842136238217073
8,73.0,0.00015352922,0.0069517355057707175,0,0,-9.318852296456253,-0.19414275617617194
8,39.0,8.693911e-05,-0.08338954638509843,0,0,-9.402241842841352,-0.19188248658859902
8,20.0,0.00011270788,-0.1653648693469057,0,0,-9.567606712188258,-0.19135213424376515
8,2.0,3.1295698e-05,-0.1901133109238634,0,0,-9.757720023112121,-0.19132784359043375
8,0.0,1.2755223e-05,-0.18811579312949275,0,0,-9.945835816241614,-0.1912660733892618
8,-26.0,3.1351075e-05,-0.29195918034582236,0,0,-10.237794996587436,-0.1931659433318384
8,-4.0,0.0001039673,-0.2482673008349428,0,0,-10.486062297422379,-0.19418633884115516
8,6.0,6.0273876e-05,-0.19005696069269276,0,0,-10.676119258115072,-0.19411125923845587
8,-2.0,8.525383e-05,-0.2316378165390978,0,0,-10.907757074654171,-0.19478137633311013
8,0.0,7.946892e-06,-0.1857116278615484,0,0,-11.09346870251572,-0.19462225793887222
8,-4.0,3.1702297e-05,-0.2121347952988634,0,0,-11.305603497814584,-0.1949241982381824
8,-20.0,0.00016033242,-0.33463167141943073,0,0,-11.640235169234014,-0.19729212151244085
8,0.0,3.611311e-05,-0.19979473691253757,0,0,-11.840029906146551,-0.19733383176910912
8,-8.0,0.000111670546,-0.2666643638518343,0,0,-12.106694269998385,-0.19847039786882592
8,-4.0,0.00010192234,-0.24724481891660785,0,0,-12.353939088914993,-0.19925708207927403
8,6.0,1.8972247e-05,-0.16940614472894763,0,0,-12.52334523364394,-0.1987832576768879
8,-75.0,0.00011670716,-0.5128190357592592,0,0,-13.0361642694032,-0.20369006670942497
8,-20.0,0.00015456384,-0.33174737881689165,0,0,-13.36791164822009,-0.205660179203386
8,-16.0,9.9774414e-05,-0.2898071993496904,0,0,-13.65771884756978,-0.2069351340540876
8,-8.0,3.5875535e-06,-0.21262286383478735,0,0,-13.870341711404567,-0.20702002554335175
8,0.0,1.3524603e-05,-0.1885004837420473,0,0,-14.058842195146614,-0.20674767934039137
8,21.0,5.466839e-05,-0.13270871829061603,0,0,-14.19155091343723,-0.20567465091938014
8,4.0,4.096117e-05,-0.18767332773475742,0,0,-14.379224241171986,-0.20541748915959981
8,20.0,8.404382e-05,-0.15103284310369586,0,0,-14.530257084275682,-0.20465150822923497
8,6.0,3.6707552e-06,-0.1617553985100875,0,0,-14.69201248278577,-0.20405572892758014
8,-2.0,3.2983608e-05,-0.20550270568399523,0,0,-14.897515188469766,-0.2040755505269831
8,-8.0,8.0077145e-05,-0.2508676607516298,0,0,-15.148382849221395,-0.20470787634082965
8,2.0,4.3843576e-07,-0.17468467938068158,0,0,-15.323067528602078,-0.2043075670480277
8,-14.0,0.00010367189,-0.2844832200911531,0,0,-15.607550748693232,-0.20536250985122673
8,0.0,1.0055054e-05,-0.18676570918231106,0,0,-15.794316457875542,-0.20512099295942263
8,-42.0,0.00013747938,-0.4032051403429995,0,0,-16.197521598218543,-0.20766053331049414
8,-24.0,8.2510865e-05,-0.3102663297560701,0,0,-16.507787927974615,-0.20895934086043816
8,0.0,8.295086e-05,-0.22321361195116138,0,0,-16.731001539925778,-0.20913751924907215
8,0.0,8.556922e-05,-0.22452279221086596,0,0,-16.955524332136644,-0.20932746089057577
8,16.0,7.026345e-05,-0.15868809711008164,0,0,-17.114212429246727,-0.20870990767374048
8,-4.0,8.4692554e-05,-0.23862992416887377,0,0,-17.3528423534156,-0.20907038980018786
8,-22.0,8.091658e-05,-0.30219646882085893,0,0,-17.65503882223646,-0.210179033598053
8,0.0,1.1647238e-05,-0.18756180111138915,0,0,-17.84260062334785,-0.2099129485099746
8,-12.0,0.00013268103,-0.2917150695231447,0,0,-18.134315692870995,-0.21086413596361614
8,4.0,4.065922e-05,-0.18752235065965747,0,0,-18.321838043530654,-0.21059583958081204
8,-2.0,8.514538e-05,-0.2315835941937456,0,0,-18.5534216377244,-0.21083433679232264
8,4.0,4.626387e-05,-0.19032467644481754,0,0,-18.74374631416922,-0.21060389117044054
8,-12.0,3.635148e-05,-0.24355029206543063,0,0,-18.98729660623465,-0.210969962291496
8,24.0,0.00013314058,-0.16103573631315327,0,0,-19.148332342547803,-0.21042123453349224
8,-22.0,0.00012324179,-0.32335907410650344,0,0,-19.471691416654306,-0.21164881974624233
8,-55.0,0.00014830111,-0.4558887381461153,0,0,-19.92758015480042,-0.21427505542796138
8,0.0,4.6738125e-05,-0.20510724525718785,0,0,-20.13268740005761,-0.21417752553252764
8,-10.0,5.9514437e-05,-0.2478590268996248,0,0,-20.380546426957235,-0.2145320676521813
8,-4.0,0.00016593092,-0.27924910973577594,0,0,-20.65979553669301,-0.21520620350721875
8,12.0,3.713748e-05,-0.15667055290012452,0,0,-20.816466089593135,-0.21460274319168168
8,-28.0,0.0001354453,-0.35127901028661823,0,0,-21.167745099879753,-0.2159973989783647
8,-3.0,4.9749062e-05,-0.2175217945483217,0,0,-21.385266894428074,-0.2160127969134148
8,36.0,0.00010031337,-0.10098576139478777,0,0,-21.486252655822863,-0.21486252655822852
8,14.0,9.758915e-05,-0.1796236683037767,0,0,-21.66587632412664,-0.21451362697155077
8,6.0,0.00019747691,-0.25865847658186053,0,0,-21.9245348007085,-0.2149464196147891
8,6.0,0.00015825404,-0.2390470464137087,0,0,-22.16358184712221,-0.2151804062827398
8,0.0,0.00017743102,-0.2704536933806429,0,0,-22.43403554050285,-0.21571188019714269
8,-38.0,9.860405e-05,-0.3692220349219332,0,0,-22.803257575424784,-0.21717388167071214
8,38.0,0.0001880176,-0.1375651557353029,0,0,-22.940822731160086,-0.21642285595434033
8,-47.0,0.00016860141,-0.43694798540144064,0,0,-23.37777071656153,-0.21848383847253755
8,41.0,0.00019202709,-0.1286608178523073,0,0,-23.506431534413835,-0.21765214383716505
8,0.0,0.0002,-0.2817381818202028,0,0,-23.788169716234037,-0.2182400891397617
8,17.0,0.0001744932,-0.20716660808591936,0,0,-23.995336324319958,-0.21813942113018134
8,-116.0,0.00019614882,-0.7016307760384569,0,0,-24.696967100358414,-0.22249519910232796
8,14.0,0.00019999604,-0.23082711290388203,0,0,-24.927794213262295,-0.22256959118984182
8,-61.0,0.00018929751,-0.4982051272299776,0,0,-25.42599934049227,-0.22500884372117044
8,22.0,0.00017661459,-0.19004545997648334,0,0,-25.616044800468757,-0.22470214737253286
8,-98.0,0.00019207153,-0.6341375846770296,0,0,-26.250182385145788,-0.22826245552300675
8,16.0,0.00019421692,-0.22066483091383074,0,0,-26.470847216059617,-0.22819695875913454
8,-77.0,0.00019999845,-0.5617374081519136,0,0,-27.03258462421153,-0.2310477318308677
8,6.0,0.00019730229,-0.25857116769819355,0,0,-27.291155791909723,-0.23128098128737046
8,0.0,0.00019174199,-0.2776091773417482,0,0,-27.568764969251472,-0.23167029385925597
8,24.0,0.00016609502,-0.17751295756368732,0,0,-27.74627792681516,-0.23121898272345956
8,-39.0,0.00019063156,-0.4188721556571016,0,0,-28.165150082472262,-0.23276983539233262
8,4.0,0.00019009669,-0.2622410852816591,0,0,-28.42739116775392,-0.23301140301437628
8,-58.0,0.00017405962,-0.4796770889666567,0,0,-28.907068256720578,-0.23501681509528913
8,0.0,0.00019230448,-0.2778904218581209,0,0,-29.1849586785787,-0.23536256998853777
8,0.0,0.00018704619,-0.27526127885847185,0,0,-29.46021995743717,-0.23568175965949725
8,30.0,0.00018525467,-0.1652746159937868,0,0,-29.62549457343096,-0.2351229728050075
8,-41.0,0.00018600206,-0.42383012365369893,0,0,-30.049324697084657,-0.23660885588255623
8,9.0,0.000200001,-0.24901139329938982,0,0,-30.298336090384048,-0.23670575070612526
8,-40.0,0.0002000485,-0.4272169787791262,0,0,-30.725553069163173,-0.23818258193149738
8,-25.0,0.0001984951,-0.3718948323634157,0,0,-31.09744790152659,-0.2392111377040506
8,24.0,0.00019607192,-0.19250140379934405,0,0,-31.289949305325933,-0.2388545748498162
8,-79.0,0.00018574765,-0.561884732952405,0,0,-31.851834038278337,-0.24130177301726005
8,-6.0,0.00019971434,-0.30341354202299214,0,0,-32.15524758030133,-0.24176877879925804
8,150.0,0.00018314601,0.27214331437082195,1,0,-31.883104265930506,-0.23793361392485443
8,2.0,0.00019676235,-0.2728466410544405,0,0,-32.15595090698495,-0.23819222894062914
8,-61.0,0.00019526394,-0.501188339700986,0,0,-32.65713924668594,-0.2401260238726906
8,-34.0,0.00018113886,-0.39594398330717184,0,0,-33.053083229993106,-0.2412633812408255
8,28.0,0.00019998214,-0.17991107296018694,0,0,-33.232994302953294,-0.24081879929676295
8,0.0,0.0002,-0.2817381818202028,0,0,-33.514732484773496,-0.24111318334369417
8,0.0,0.0001924956,-0.2779859859850893,0,0,-33.79271847075859,-0.24137656050541836
8,-4.0,0.00019970277,-0.29613503407507036,0,0,-34.08885350483366,-0.24176491847399753
8,22.0,0.00017885807,-0.19116720150976274,0,0,-34.28002070634342,-0.24140859652354513
8,-57.0,0.00019792187,-0.48797185014753436,0,0,-34.76799255649095,-0.24313281508035625
8,-9.0,0.00016853515,-0.2987330217268953,0,0,-35.06672557821785,-0.24351892762651273
8,32.0,0.0001986024,-0.16467576216726398,0,0,-35.23140134038511,-0.24297518165782825
8,-92.0,0.00019956937,-0.6160683293250094,0,0,-35.84746966971012,-0.24553061417609662
8,-2.0,0.0001816281,-0.2798249561694155,0,0,-36.127294625879536,-0.24576390901958864
8,16.0,0.00019065064,-0.21888169240026567,0,0,-36.3461763182798,-0.24558227242080938
8,-12.0,0.00019318599,-0.3219675500300417,0,0,-36.66814386830984,-0.24609492529067004
8,6.0,0.00019677557,-0.2583078045752535,0,0,-36.926451672885094,-0.2461763444859006
8,-19.0,0.0001775466,-0.3396023948100099,0,0,-37.2660540676951,-0.24679506005096088
8,-22.0,0.00019840311,-0.360939737072278,0,0,-37.62699380476738,-0.24754601187346956
8,-12.0,0.00019990816,-0.3253286321070681,0,0,-37.95232243687445,-0.24805439501225124
8,-16.0,0.00018635104,-0.33309551667242143,0,0,-38.28541795354687,-0.24860661008796667
8,-16.0,0.0001999545,-0.3398972470667848,0,0,-38.625315200613656,-0.24919558193944288
8,-2.0,0.00019995729,-0.2889895458128939,0,0,-38.91430474642655,-0.24945067145145217
8,0.0,0.00019389998,-0.27868817042379473,0,0,-39.19299291685034,-0.2496368975595563
8,-47.0,0.00017357108,-0.43943281959562397,0,0,-39.63242573644597,-0.2508381375724428
8,-27.0,0.00019987751,-0.3798587579634676,0,0,-40.012284494409435,-0.25164958801515364
8,-91.0,0.00018083521,-0.603064878692914,0,0,-40.61534937310235,-0.2538459335818896
8,-8.0,0.00018081482,-0.3012365002539644,0,0,-40.91658587335631,-0.2541402849276789
8,-55.0,0.00018287585,-0.47317611168890095,0,0,-41.38976198504521,-0.2554923579323778
8,-41.0,0.00018333319,-0.422495688906003,0,0,-41.812257673951216,-0.2565169182450994
8,0.0,0.0002,-0.2817381818202028,0,0,-42.09399585577142,-0.25667070643763057
8,-84.0,0.0001915288,-0.5829571325686465,0,0,-42.67695298834006,-0.2586481999293337
8,-61.0,0.00019995586,-0.5035343010333071,0,0,-43.18048728937337,-0.26012341740586364
8,-86.0,0.00019632248,-0.5926266987231265,0,0,-43.77311398809649,-0.2621144550185419
8,-61.0,0.00019746221,-0.502287473192502,0,0,-44.27540146128899,-0.2635440563171964
8,-22.0,0.00019993431,-0.36170533489255996,0,0,-44.637106796181556,-0.26412489228509795
8,-104.0,0.00018760095,-0.6537204791214952,0,0,-45.29082727530305,-0.2664166310311944
8,0.0,0.00018888807,-0.2761822183039675,0,0,-45.56700949360702,-0.266473739728696
8,-79.0,0.00018650817,-0.562264998665143,0,0,-46.12927449227216,-0.2681934563504195
8,-114.0,0.00019539426,-0.6939807687309275,0,0,-46.823255261003084,-0.2706546546878791
8,0.0,0.00019419957,-0.27883796881704426,0,0,-47.10209322982013,-0.2707016852288513
8,-21.0,0.00019059502,-0.3533993263152132,0,0,-47.45549255613534,-0.2711742431779162
8,0.0,0.00019134898,-0.2774126787093172,0,0,-47.73290523484466,-0.2712096888343447
8,0.0,0.0002,-0.2817381818202028,0,0,-48.01464341666486,-0.2712691718455642
8,-25.0,0.0002001108,-0.3727026779559145,0,0,-48.387346094620774,-0.27183902300348756
8,0.0,0.0001936597,-0.2785680313017855,0,0,-48.66591412592256,-0.2718766152286177
8,-96.0,0.0001926975,-0.6271778423693667,0,0,-49.293091968291925,-0.27385051093495516
8,-37.0,0.00020011155,-0.4163394052889834,0,0,-49.709431373580905,-0.27463774239547467
8,0.0,0.0001890589,-0.2762676377203951,0,0,-49.9856990113013,-0.2746466978642929
8,-92.0,0.00019262696,-0.612597121706296,0,0,-50.598296133007594,-0.27649342149184486
8,-21.0,0.00019195375,-0.3540786940958986,0,0,-50.95237482710349,-0.27691508058208425
8,0.0,0.0001983388,-0.2809075851347933,0,0,-51.23328241223828,-0.2769366616877746
8,-94.0,0.00019491202,-0.6210123796370516,0,0,-51.85429479187533,-0.2787865311391148
8,0.0,0.00019802,-0.28074818443327043,0,0,-52.135042976308604,-0.27879702126368244
8,-11.0,0.00020003263,-0.32175451110868547,0,0,-52.45679748741729,-0.27902551855009206
8,-24.0,0.00019176581,-0.36489380191831683,0,0,-52.821691289335604,-0.2794798480917228
8,2.0,0.0001803501,-0.2646405179408083,0,0,-53.08633180727641,-0.27940174635408643
8,-63.0,0.00020006062,-0.5108594019320498,0,0,-53.59719120920846,-0.2806135665403585
8,-34.0,0.00019129933,-0.4010242123511324,0,0,-53.99821542155959,-0.281240705320623
8,0.0,0.00018548398,-0.2744801719096193,0,0,-54.27269559346921,-0.28120567665009966
8,-41.0,0.0002000723,-0.4308652479556093,0,0,-54.70356084142482,-0.28197711773930334
8,-86.0,0.00019729989,-0.5931154031661043,0,0,-55.29667624459092,-0.28357269869020996
8,0.0,0.00017946737,-0.2714718718436251,0,0,-55.56814811643454,-0.2835109597777274
8,-75.0,0.00019430436,-0.5516176421549807,0,0,-56.11976575858952,-0.28487190740400786
8,0.0,0.0002,-0.2817381818202028,0,0,-56.401503940409725,-0.28485608050711997
8,0.0,0.00018904643,-0.2762614030745516,0,0,-56.677765343484275,-0.2848128911732879
8,-49.0,0.00019406465,-0.4569523234274874,0,0,-57.13471766691176,-0.28567358833455897
8,-47.0,0.00018678607,-0.44604031633405783,0,0,-57.58075798324582,-0.28647143275246695
8,0.0,0.0002,-0.2817381818202028,0,0,-57.86249616506602,-0.2864480008171587
8,-88.0,0.00018897698,-0.5962266702559481,0,0,-58.458722835321964,-0.2879740041148867
8,-32.0,0.00019988502,-0.3980443377402315,0,0,-58.856767173062195,-0.2885135645738345
8,0.0,0.0002,-0.2817381818202028,0,0,-59.1385053548824,-0.2884805139262558
8,-35.0,0.00019837539,-0.40819860290556054,0,0,-59.546703957787955,-0.289061669698
8,-104.0,0.00019380744,-0.6568237234261523,0,0,-60.203527681214105,-0.2908382979768799
8,-63.0,0.00019999428,-0.5108262259867677,0,0,-60.71435390720087,-0.2918959322461583
8,0.0,0.00019453555,-0.27900595854787924,0,0,-60.99335986574875,-0.29183425773085553
8,0.0,0.00019339623,-0.27843629907636736,0,0,-61.27179616482512,-0.2917704579277389
8,-102.0,0.00018778912,-0.6465418327954302,0,0,-61.91833799762055,-0.29345183885128245
8,-41.0,0.00019999451,-0.4308263499644289,0,0,-62.349164347584974,-0.29409983182823124
8,-69.0,0.00018851655,-0.5269055504706393,0,0,-62.87606989805561,-0.29519281642279654
8,0.0,0.00019306304,-0.27826970409422014,0,0,-63.15433960214983,-0.2951137364586443
8,0.0,0.0002,-0.2817381818202028,0,0,-63.436077783970035,-0.29505152457660505
8,0.0,0.00019251928,-0.2779978234675417,0,0,-63.71407560743758,-0.2949725722566557
8,-71.0,0.00019994013,-0.5398900706675539,0,0,-64.25396567810513,-0.29610122432306535
8,-5.0,0.0001999881,-0.2999140639212618,0,0,-64.5538797420264,-0.2961187144129654
8,-21.0,0.000198135,-0.35716932009725666,0,0,-64.91104906212365,-0.29639748430193474
8,-92.0,0.00019993029,-0.6162487883475314,0,0,-65.52729785047119,-0.2978513538657783
8,0.0,0.0002,-0.2817381818202028,0,0,-65.80903603229139,-0.2977784435850291
8,13.0,0.00019452412,-0.2317275185492525,0,0,-66.04076355084064,-0.2974809168956788
8,0.0,0.00019263575,-0.27805605720548726,0,0,-66.31881960804613,-0.29739380990155234
8,-77.0,0.00020006343,-0.5617698986437807,0,0,-66.8805895066899,-0.29857406029772304
8,-37.0,0.00020007443,-0.4163208444026003,0,0,-67.2969103510925,-0.2990973793381891
8,-23.0,0.0001999268,-0.36533793996839614,0,0,-67.6622482910609,-0.2993904791639865
8,-67.0,0.00018371339,-0.5172312338259707,0,0,-68.17947952488687,-0.30035013006558114
8,-54.0,0.00019982188,-0.47801276635198686,0,0,-68.65749229123885,-0.3011293521545566
8,-71.0,0.00019156498,-0.5357024927046785,0,0,-69.19319478394353,-0.30215368901285405
8,-49.0,0.00020000497,-0.4599224884417544,0,0,-69.65311727238527,-0.3028396403147189
8,-73.0,0.00018965019,-0.5420178253558168,0,0,-70.19513509774109,-0.3038750437131652
8,-96.0,0.00018886031,-0.6252592523005496,0,0,-70.82039435004164,-0.3052603204743177
8,-61.0,0.00019982077,-0.5034667570498477,0,0,-71.32386110709149,-0.30611099187592944
8,-35.0,0.00020002217,-0.4090219933894167,0,0,-71.7328831004809,-0.30655078248068796
8,-57.0,0.00019786862,-0.4879452247527132,0,0,-72.22082832523361,-0.30732267372439864
8,-10.0,0.00017929527,-0.30774944614439104,0,0,-72.528577771378,-0.3073244820821105
8,-43.0,0.00019033579,-0.43326971124677754,0,0,-72.96184748262478,-0.30785589655115975
8,-120.0,0.00019479758,-0.7155006129649172,0,0,-73.67734809558969,-0.30956868947726796
8,-112.0,0.00019998262,-0.6890022185054312,0,0,-74.36635031409513,-0.3111562774648335
8,-59.0,0.00019994858,-0.49625792693166826,0,0,-74.86260824102679,-0.31192753433761194
8,-47.0,0.00018597425,-0.44563440274267296,0,0,-75.30824264376946,-0.3124823346214504
8,-2.0,0.00018832299,-0.28317239474325273,0,0,-75.59141503851271,-0.3123612191674082
8,-84.0,0.00019362487,-0.5840051669981966,0,0,-76.1754202055109,-0.31347909549593
8,-116.0,0.00019992764,-0.7035201896336565,0,0,-76.87894039514455,-0.3150776245702649
8,0.0,0.0002,-0.2817381818202028,0,0,-77.16067857696476,-0.3149415452121014
8,-47.0,0.00019994535,-0.45261995386152365,0,0,-77.61329853082628,-0.3155012135399446
8,-12.0,0.00018009733,-0.3154232163336763,0,0,-77.92872174715995,-0.31550089776178153
8,-55.0,0.00019630376,-0.4798900682833681,0,0,-78.40861181544332,-0.31616375732033636
8,-57.0,0.00019315278,-0.4855873067286501,0,0,-78.89419912217197,-0.31684417318141395
8,0.0,0.0002,-0.2817381818202028,0,0,-79.17593730399217,-0.3167037492159691
8,-69.0,0.00019993629,-0.5326154191401491,0,0,-79.70855272313231,-0.31756395507224067
8,6.0,0.00017087869,-0.24535936903028582,0,0,-79.9539120921626,-0.3172774289371536
8,-94.0,0.0002000007,-0.6235567111876498,0,0,-80.57746880335024,-0.31848801898557455
8,0.0,0.00018394369,-0.273710026254941,0,0,-80.85117882960519,-0.3183117276756114
8,-79.0,0.00018886055,-0.5634411830809603,0,0,-81.41462001268614,-0.3192730196575932
8,-41.0,0.00019620058,-0.42892938446073625,0,0,-81.84354939714687,-0.3197013648326055
8,0.0,0.00019940898,-0.2814426739123354,0,0,-82.12499207105921,-0.31955249833097016
8,-10.0,0.00019055366,-0.31337863992719744,0,0,-82.4383707109864,-0.3195285686472346
8,-57.0,0.00018794091,-0.4829813737776766,0,0,-82.92135208476408,-0.3201596605589352
8,-88.0,0.00018734552,-0.59541094492941,0,0,-83.5167630296935,-0.3212183193449754
8,0.0,0.00018730773,-0.2753920454886446,0,0,-83.79215507518214,-0.32104273975165615
8,-69.0,0.00019998146,-0.5326380033400545,0,0,-84.32479307852219,-0.3218503552615355
8,0.0,0.00019470892,-0.2790926415827761,0,0,-84.60388572010497,-0.32168777840344137
8,-90.0,0.00019713353,-0.6075776715186129,0,0,-85.21146339162358,-0.32277069466524133
8,-100.0,0.00019999033,-0.6453697104361543,0,0,-85.85683310205974,-0.3239880494417353
8,-96.0,0.00017490171,-0.6182799477484713,0,0,-86.47511304980821,-0.3250944099616854
8,-59.0,0.0001940017,-0.49328448366193867,0,0,-86.96839753347015,-0.3257243353313493
8,-41.0,0.00019717372,-0.42941595505743124,0,0,-87.39781348852759,-0.326111244360178
8,-44.0,0.00019592668,-0.43970151733427143,0,0,-87.83751500586186,-0.32653351303294414
8,-84.0,0.00019991712,-0.587151290884305,0,0,-88.42466629674617,-0.3274987640620232
8,-41.0,0.00019989461,-0.43077640127210715,0,0,-88.85544269801828,-0.3278798623543114
8,-73.0,0.00016709257,-0.5307390112784395,0,0,-89.38618170929672,-0.3286256680488853
8,0.0,0.00019496387,-0.2792201180365572,0,0,-89.66540182733328,-0.32844469533821746
8,-44.0,0.00018128475,-0.4323805470374117,0,0,-90.0977823743707,-0.3288240232641269
8,0.0,0.0001958446,-0.27966048311262226,0,0,-90.37744285748332,-0.3286452467544851
8,-55.0,0.00019863903,-0.4810576994326601,0,0,-90.85850055691597,-0.32919746578592773
8,0.0,0.00019122493,-0.2773506481554995,0,0,-91.13585120507148,-0.32901029315910313
8,0.0,0.0001995092,-0.2814927835371981,0,0,-91.41734398860868,-0.32883936686549914
8,-37.0,0.00019683674,-0.4147020001318941,0,0,-91.83204598874057,-0.3291471182392138
8,-59.0,0.00017126303,-0.4819151539710054,0,0,-92.31396114271158,-0.32969271836682734
8,0.0,0.0002,-0.2817381818202028,0,0,-92.59569932453178,-0.3295220616531383
8,-108.0,0.00019862398,-0.6737774502840529,0,0,-93.26947677481583,-0.3307428254426097
8,-92.0,0.00019131816,-0.611942722311307,0,0,-93.88141949712714,-0.3317364646541598
8,0.0,0.00019996258,-0.2817194778826723,0,0,-94.16313897500982,-0.331560348503556
8,-47.0,0.00018458751,-0.44494103383092976,0,0,-94.60808000884074,-0.3319581754696169
8,-42.0,0.00017959377,-0.42426234077482317,0,0,-95.03234234961556,-0.3322809173063484
8,0.0,0.0002,-0.2817381818202028,0,0,-95.31408053143576,-0.3321048102140622
8,-73.0,0.00018944917,-0.5419173140433321,0,0,-95.8559978454791,-0.33283332585235825
8,4.0,0.00018343572,-0.25891060422926043,0,0,-96.11490844970835,-0.33257753788826455
8,-57.0,0.00020001385,-0.4890178401377687,0,0,-96.60392628984611,-0.33311698720636623
8,-67.0,0.00018512225,-0.5179356653597842,0,0,-97.1218619552059,-0.3337521029388522
8,0.0,0.00019385063,-0.27866350006132223,0,0,-97.40052545526723,-0.3335634433399566
8,0.0,0.000197006,-0.2802411813643465,0,0,-97.68076663663157,-0.33338145609771896
8,-82.0,0.00019009216,-0.5749660868552218,0,0,-98.2557327234868,-0.33420317252886694
8,-51.0,0.00020003866,-0.46721205305128194,0,0,-98.72294477653809,-0.3346540500899599
8,2.0,0.00019685323,-0.2728920776751528,0,0,-98.99583685421324,-0.33444539477774776
8,0.0,0.0001932668,-0.27837158035307025,0,0,-99.2742084345663,-0.33425659405577907
8,0.0,0.00019112627,-0.27730131935148333,0,0,-99.55150975391778,-0.3340654689728788
8,-75.0,0.00019131314,-0.5501220304873475,0,0,-100.10163178440513,-0.3347880661685793
8,-88.0,0.00019063489,-0.5970556278136263,0,0,-100.69868741221876,-0.33566229137406284
8,-12.0,0.00018729489,-0.3190220017340669,0,0,-101.01770941395283,-0.33560700801977716
8,-61.0,0.00017839979,-0.4927562613394747,0,0,-101.51046567529231,-0.3361273697857364
8,-2.0,0.00018543635,-0.2817290801909456,0,0,-101.79219475548325,-0.3359478374768427
8,-57.0,0.00020008456,-0.4890531976130495,0,0,-102.2812479530963,-0.3364514735299224
8,-44.0,0.00020015145,-0.4418139059451113,0,0,-102.72306185904141,-0.33679692412800494
8,-108.0,0.00019850236,-0.6737166356649885,0,0,-103.3967784947064,-0.33789796893694934
8,0.0,0.0002,-0.2817381818202028,0,0,-103.6785166765266,-0.33771503803428893
8,-95.0,0.00019378978,-0.6240876157191286,0,0,-104.30260429224573,-0.3386448191306683
8,2.0,0.00019372745,-0.2713291902449617,0,0,-104.57393348249069,-0.3384269691989993
8,-12.0,0.00018607594,-0.31841252039938067,0,0,-104.89234600289006,-0.33836240646093596
8,-46.0,0.00019082773,-0.4444247860816012,0,0,-105.33677078897166,-0.33870344305135613
8,-24.0,0.00018145973,-0.3597407658007631,0,0,-105.69651155477243,-0.33877087036786063
8,0.0,0.00018680052,-0.27513844560651873,0,0,-105.97165000037894,-0.338567571886195
8,-81.0,0.00019025599,-0.5714116413500796,0,0,-106.54306164172903,-0.3393091135086914
8,0.0,0.0002,-0.2817381818202028,0,0,-106.82479982354923,-0.3391263486461883
8,-19.0,0.00018473185,-0.34319502305059524,0,0,-107.16799484659983,-0.33913922419810105
8,-47.0,0.00020009524,-0.45269490074186425,0,0,-107.62068974734169,-0.3394974439979236
8,-88.0,0.00018179532,-0.592635842075635,0,0,-108.21332558941732,-0.3402934766962812
8,-67.0,0.00019565588,-0.5232024867442141,0,0,-108.73652807616153,-0.3408668591729204
8,-69.0,0.00018902573,-0.5271601397898684,0,0,-109.2636882159514,-0.34144902567484847
8,-91.0,0.00019447318,-0.6098838646319399,0,0,-109.87357208058334,-0.34228527127907615
8,-23.0,0.00017956496,-0.3551570196059236,0,0,-110.22872910018927,-0.34232524565276207
8,6.0,0.00018578608,-0.25281306098966694,0,0,-110.48154216117894,-0.34204811814606517
8,-57.0,0.00019411225,-0.4860670406725893,0,0,-110.96760920185153,-0.3424926209933692
8,-61.0,0.00020016938,-0.5036410529520998,0,0,-111.47125025480364,-0.342988462322473
8,-28.0,0.00020006753,-0.3835901338961611,0,0,-111.8548403886998,-0.3431130073273003
8,-28.0,0.00019688238,-0.3819975514319429,0,0,-112.23683794013174,-0.3432319203062136
8,0.0,0.0002,-0.2817381818202028,0,0,-112.51857612195194,-0.3430444393961952
8,0.0,0.0002,-0.2817381818202028,0,0,-112.80031430377214,-0.3428580981877576
8,12.0,0.00019364798,-0.2349258084204683,0,0,-113.03524011219261,-0.34253103064300827
8,21.0,0.00018707244,-0.19891074489622212,0,0,-113.23415085708884,-0.3420971324987581
8,0.0,0.0002,-0.2817381818202028,0,0,-113.51588903890904,-0.3419153284304492
8,-49.0,0.00019185936,-0.455849679222394,0,0,-113.97173871813143,-0.34225747362802267
8,0.0,0.0001869956,-0.27523598860769366,0,0,-114.24697470673912,-0.3420568104992192
8,-98.0,0.00020000218,-0.638102914800931,0,0,-114.88507762154005,-0.3429405302135527
8,-45.0,0.00019268919,-0.4417191524413119,0,0,-115.32679677398136,-0.34323451420827816
8,-110.0,0.00019327948,-0.6783779282477389,0,0,-116.0051747022291,-0.34422900505112525
8,-36.0,0.00019849889,-0.4118967134860049,0,0,-116.4170714157151,-0.3444292053719385
8,0.0,0.00018579673,-0.27463655065565207,0,0,-116.69170796637076,-0.34422332733442734
8,-2.0,0.0001999957,-0.289008756389905,0,0,-116.98071672276066,-0.3440609315375317
8,2.0,0.00019745824,-0.27319458316831685,0,0,-117.25391130592898,-0.3438531123341029
8,33.0,0.00019995123,-0.16171381663351153,0,0,-117.41562512256249,-0.3433205412940427
8,24.0,0.00019107794,-0.190004416218091,0,0,-117.60562953878058,-0.3428735555066492
8,14.0,0.00017981141,-0.22073480080633257,0,0,-117.8263643395869,-0.34251850098717157
8,-17.0,0.00019509516,-0.3411039311793337,0,0,-118.16746827076624,-0.34251440078483
8,6.0,0.00019879852,-0.2593192834761629,0,0,-118.4267875542424,-0.34227395246890896
8,-43.0,0.00018815574,-0.4321796853449831,0,0,-118.85896723958737,-0.34253304679996394
8,10.0,0.0001952096,-0.24297933768301105,0,0,-119.10194657727038,-0.34224697292319106
8,-37.0,0.00019283428,-0.4127007682230959,0,0,-119.51464734549347,-0.3424488462621593
8,-10.0,0.0001999582,-0.3180809099581728,0,0,-119.83272825545164,-0.34237922358700507
8,4.0,0.00019999764,-0.26719156097440816,0,0,-120.09991981642605,-0.3421650137220119
8,6.0,0.0002,-0.25992002080946064,0,0,-120.35983983723551,-0.34193136317396494
8,6.0,0.00020000487,-0.25992245267896746,0,0,-120.61976228991448,-0.3416990433142057
8,32.0,0.00019994414,-0.16534663628606888,0,0,-120.78510892620055,-0.3412008726728833
8,6.0,0.00019569333,-0.2577666838076601,0,0,-121.04287561000821,-0.3409658467887559
8,6.0,0.00020000803,-0.2599240381625185,0,0,-121.30279964817073,-0.3407382012589069
8,6.0,0.0001988817,-0.2593608696368227,0,0,-121.56216051780756,-0.340510253551282
8,6.0,0.00019618202,-0.2580110330489168,0,0,-121.82017155085647,-0.3402798088012754
8,26.0,0.00018326928,-0.17882736515073872,0,0,-121.99899891600721,-0.33983008054598146
8,0.0,0.00019088118,-0.27717877816228964,0,0,-122.2761776941695,-0.3396560491504712
8,2.0,0.00019957262,-0.27425177287130453,0,0,-122.55042946704081,-0.3394748738699195
8,-38.0,0.00018118111,-0.41051056574850175,0,0,-122.96094003278931,-0.3396711050629542
8,6.0,0.0002,-0.25992002080946064,0,0,-123.22086005359877,-0.33945140510633304
8,142.0,0.0001799258,0.24466253329248336,1,0,-122.97619752030629,-0.3378466964843583
8,8.0,0.00020000788,-0.25265119861631485,0,0,-123.2288487189226,-0.3376132841614321
8,4.0,0.00019846884,-0.2664271671679506,0,0,-123.49527588609055,-0.33741878657401825
8,6.0,0.00020000803,-0.2599240381625185,0,0,-123.75519992425308,-0.33720762922139835
8,10.0,0.00018808896,-0.23941901515989397,0,0,-123.99461893941297,-0.33694189929188345
8,-19.0,0.00020003582,-0.3508470137026796,0,0,-124.34546595311565,-0.33697958252876903
8,-29.0,0.00019357682,-0.38398113440542314,0,0,-124.72944708752107,-0.33710661375005724
8,16.0,0.00018427838,-0.21569556783704852,0,0,-124.94514265535811,-0.3367793602570303
8,-32.0,0.00019276286,-0.3944832582381258,0,0,-125.33962591359624,-0.33693447826235584
8,1.0,0.0001978244,-0.27701402496366595,0,0,-125.6166399385599,-0.3367738336154424
8,24.0,0.00018259877,-0.1857648332026491,0,0,-125.80240477176255,-0.33637006623465954
8,8.0,0.00019506122,-0.2501778681185732,0,0,-126.05258263988112,-0.33614022037301666
8,28.0,0.00018848955,-0.17416477989225482,0,0,-126.22674741977337,-0.3357094346270572
8,-4.0,0.00019630714,-0.2944372196105013,0,0,-126.52118463938388,-0.33559995925566055
8,8.0,0.00019999167,-0.2526430923846254,0,0,-126.7738277317685,-0.3353804966448906
8,-15.0,0.00019258041,-0.3325738389399538,0,0,-127.10640157070846,-0.33537309121558995
8,30.0,0.00020006999,-0.17268228124647234,0,0,-127.27908385195492,-0.33494495750514486
8,0.0,0.00019310936,-0.2782928604987154,0,0,-127.55737671245363,-0.33479626433714904
8,26.0,0.00016843784,-0.17141164135007952,0,0,-127.72878835380371,-0.3343685559000101
8,8.0,0.00019800772,-0.2516511161234865,0,0,-127.98043946992719,-0.3341525834723952
8,2.0,0.00019288849,-0.270909710636426,0,0,-128.2513491805636,-0.3339878884910515
8,6.0,0.00018739117,-0.2536156077292452,0,0,-128.50496478829285,-0.3337791293202416
8,6.0,0.00019999559,-0.25991781543760395,0,0,-128.76488260373046,-0.33358777876614154
8,6.0,0.0001999918,-0.25991592597036456,0,0,-129.02479852970083,-0.33339741222144964
8,2.0,0.0001964549,-0.27269291471510027,0,0,-129.29749144441593,-0.3332409573309693
8,8.0,0.00019999138,-0.25264294337301346,0,0,-129.55013438778894,-0.3330337644930311
8,6.0,0.00019183943,-0.25583973716764546,0,0,-129.80597412495658,-0.33283583108963266
8,6.0,0.0001829105,-0.2513752717879305,0,0,-130.0573493967445,-0.3326274920632856
8,8.0,0.000194505,-0.24989975880651566,0,0,-130.30724915555103,-0.3324164519274265
8,8.0,0.00019807242,-0.2516834635642061,0,0,-130.55893261911524,-0.3322110244761206
8,0.0,0.00019989828,-0.281687321176816,0,0,-130.84061994029204,-0.33208279172662997
8,30.0,0.00019653529,-0.1709149260428438,0,0,-131.0115348663349,-0.3316747718135065
8,-47.0,0.00019199235,-0.4486434538271914,0,0,-131.4601783201621,-0.33197014727313695
8,0.0,0.00019817689,-0.28082663010625936,0,0,-131.74100495026835,-0.3318413222928678
8,0.0,0.00017886325,-0.2711698074248323,0,0,-132.01217475769317,-0.33168888130073704
8,10.0,0.0001943585,-0.24255378436117264,0,0,-132.25472854205435,-0.3314654850678058
8,24.0,0.00018512829,-0.1870295901206026,0,0,-132.44175813217495,-0.3311043953304378
8,28.0,0.00018884377,-0.17434188913374044,0,0,-132.61610002130868,-0.33071346638730387
8,-37.0,0.00019992267,-0.4162449617293368,0,0,-133.03234498303803,-0.33092623130109006
8,8.0,0.00019726585,-0.25128017853765583,0,0,-133.28362516157569,-0.330728598415821
8,7.0,0.00019367662,-0.2531219262984285,0,0,-133.53674708787412,-0.33053650269275814
8,-31.0,0.00018680029,-0.3878656108286867,0,0,-133.92461269870282,-0.33067805604618017
8,6.0,0.0001979237,-0.2588818747904787,0,0,-134.1834945734933,-0.33050121816131384
8,2.0,0.00010397858,-0.22645475458173847,0,0,-134.40994932807504,-0.33024557574465646
8,-4.0,7.686168e-05,-0.23471448909311388,0,0,-134.64466381716815,-0.3300114309244321
8,6.0,0.00019428822,-0.25706413578062154,0,0,-134.90172795294876,-0.32983307567958176
8,2.0,0.000100094054,-0.22451248954801656,0,0,-135.12624044249677,-0.32957619620121203
8,-2.0,8.634863e-05,-0.23218521665601827,0,0,-135.35842565915277,-0.3293392351804208
8,4.0,0.00011265647,-0.22352097820310687,0,0,-135.58194663735588,-0.3290823947508642
8,0.0,8.2532635e-05,-0.2230045009758959,0,0,-135.80495113833177,-0.3288255475504405
8,2.0,9.999546e-05,-0.22446319054632283,0,0,-136.0294143288781,-0.32857346456250797
8,2.0,9.721534e-05,-0.2230731327441225,0,0,-136.25248746162222,-0.32831924689547565
8,0.0,0.0001000025,-0.23173943351774312,0,0,-136.48422689513995,-0.3280870838825484
8,8.0,0.000100782054,-0.20303828310041522,0,0,-136.68726517824038,-0.32778720666244743
8,-2.0,9.385118e-05,-0.23593649457960225,0,0,-136.92320167281997,-0.32756746811679466
8,0.0,0.00010000958,-0.23174297403364277,0,0,-137.1549446468536,-0.3273387700402239
8,0.0,0.00010000915,-0.23174275945692158,0,0,-137.38668740631053,-0.327111160491216
8,0.0,8.1380604e-05,-0.22242848466901874,0,0,-137.60911589097955,-0.3268625080545837
8,0.0,8.6548505e-05,-0.22501243542699909,0,0,-137.83412832640656,-0.32662115717157997
8,0.0,0.000100273,-0.23187468241720294,0,0,-138.06600300882377,-0.32639717023362635
8,0.0,0.00010000012,-0.2317382414248476,0,0,-138.2977412502486,-0.32617391804303963
8,0.0,0.00010000249,-0.23173942755727864,0,0,-138.52948067780588,-0.32595171924189664
8,-2.0,9.9994686e-05,-0.23900824677019214,0,0,-138.76848892457608,-0.32574762658351236
8,0.0,0.00010007317,-0.23177476715116596,0,0,-139.00026369172724,-0.3255275496293383
8,0.0,8.677903e-05,-0.22512769888906575,0,0,-139.2253913906163,-0.3252929705388236
8,0.0,9.7494e-05,-0.2304851819184313,0,0,-139.45587657253472,-0.32507197336255234
8,0.0,7.939418e-05,-0.22143527161150073,0,0,-139.67731184414623,-0.3248309577770847
8,2.0,0.000100052,-0.22449146102933978,0,0,-139.90180330517558,-0.3245981515201294
8,2.0,9.7906144e-05,-0.22341853570013143,0,0,-140.1252218408757,-0.32436393944647196
8,0.0,8.837537e-05,-0.22592586766748524,0,0,-140.35114770854318,-0.3241365997887838
8,0.0,0.00010000581,-0.23174109052686787,0,0,-140.58288879907005,-0.3239237069103001
8,0.0,9.242433e-05,-0.2279503483679781,0,0,-140.81083914743803,-0.323703078499858
8,0.0,9.999916e-05,-0.2317377645876894,0,0,-141.0425769120257,-0.32349214888079336
8,2.0,9.953802e-05,-0.22423447262315846,0,0,-141.26681138464886,-0.3232650146101809
8,-2.0,0.00010001072,-0.23901626657514669,0,0,-141.505827651224,-0.3230726658703749
8,0.0,0.00010024248,-0.23185942362814044,0,0,-141.73768707485215,-0.32286489083109876
8,2.0,0.00010006028,-0.22449560355215167,0,0,-141.9621826784043,-0.32264132426910114
8,-2.0,8.423755e-05,-0.23112967800169087,0,0,-142.19331235640598,-0.32243381486713424
8,2.0,8.7095534e-05,-0.21801322888403035,0,0,-142.41132558529,-0.3221975691974892
8,0.0,8.3888575e-05,-0.2236824710276613,0,0,-142.63500805631767,-0.3219751874860449
8,2.0,8.271588e-05,-0.2158234019186983,0,0,-142.85083145823637,-0.32173610688792026
8,2.0,0.00010001467,-0.2244727988150606,0,0,-143.07530425705144,-0.3215175376562958
8,2.0,9.99148e-05,-0.22442286502390002,0,0,-143.29972712207535,-0.32129983659658196
8,0.0,9.999802e-05,-0.23173719238309956,0,0,-143.53146431445845,-0.3210994727392811
8,2.0,9.875116e-05,-0.22384104322462178,0,0,-143.75530535768306,-0.32088237803054304
8,-2.0,9.129354e-05,-0.234657673945714,0,0,-143.98996303162878,-0.3206903408276815
8,0.0,9.187284e-05,-0.22767460238008594,0,0,-144.21763763400887,-0.3204836391866868
8,0.0,9.511552e-05,-0.2292959440854082,0,0,-144.44693357809427,-0.3202814491753758
8,-2.0,9.776358e-05,-0.2378926921990404,0,0,-144.6848262702933,-0.3200991731643662
8,0.0,9.497167e-05,-0.22922401916055773,0,0,-144.91405028945388,-0.31989856576038433
8,2.0,0.00010000794,-0.22446943711309528,0,0,-145.13851972656698,-0.319688369441778
8,2.0,0.000100089,-0.22450996231107806,0,0,-145.36302968887807,-0.3194791861294028
8,0.0,8.5630716e-05,-0.2245535422471056,0,0,-145.58758323112517,-0.31927101585773104
8,0.0,9.415966e-05,-0.22881801318197345,0,0,-145.81640124430714,-0.3190730880619417
8,0.0,9.0427704e-05,-0.22695203613309956,0,0,-146.04335328044024,-0.31887195039397476
8,2.0,9.999939e-05,-0.22446516047983264,0,0,-146.26781844092008,-0.3186662711131161
8,20.0,9.600733e-05,-0.15701459836034867,0,0,-146.42483303928043,-0.3183148544332187
8,0.0,8.635758e-05,-0.22491697262792681,0,0,-146.64975001190837,-0.31811225599112486
8,-2.0,0.00010001639,-0.23901909779577352,0,0,-146.88876910970413,-0.3179410586790136
8,0.0,8.87551e-05,-0.22611573230295276,0,0,-147.1148848420071,-0.3177427318401885
8,2.0,8.714255e-05,-0.21803673695592976,0,0,-147.332921578963,-0.3175278482305241
8,2.0,8.282367e-05,-0.21587729941873646,0,0,-147.54879887838175,-0.3173092448997461
8,-2.0,0.00010086031,-0.23944105695753193,0,0,-147.78823993533928,-0.31714214578399025
8,2.0,0.00010000808,-0.22446950267820454,0,0,-148.01270943801748,-0.31694370329339977
8,0.0,9.6544194e-05,-0.2300102789309511,0,0,-148.24271971694844,-0.31675794811313807
8,2.0,8.760156e-05,-0.2182662446406374,0,0,-148.46098596158907,-0.31654794448100054
8,-2.0,9.987056e-05,-0.23894618343381976,0,0,-148.6999321450229,-0.3163828343511129
8,2.0,9.803005e-05,-0.2234804857876787,0,0,-148.9234126308106,-0.3161855894497044
8,0.0,0.00010000147,-0.23173891495733356,0,0,-149.15515154576792,-0.31600667700374596
8,-2.0,9.999523e-05,-0.23900851797132588,0,0,-149.39416006373924,-0.3158438901981806
8,2.0,7.53149e-05,-0.21212291311292744,0,0,-149.60628297685216,-0.31562506957141845
8,0.0,0.000100011086,-0.23174372505216695,0,0,-149.8380267019043,-0.3154484772671674
8,0.0,0.00010003882,-0.23175759505300617,0,0,-150.06978429695732,-0.3152726560860452
8,2.0,9.999691e-05,-0.22446391772298907,0,0,-150.29424821468032,-0.31508228137249583
8,-2.0,8.727469e-05,-0.2326482493784914,0,0,-150.5268964640588,-0.31490982523861716
8,2.0,9.107243e-05,-0.22000167559652423,0,0,-150.74689813965534,-0.31471168713915554
8,0.0,9.5862546e-05,-0.2296694565918932,0,0,-150.97656759624724,-0.31453451582551545
8,2.0,0.00010014587,-0.2245383996871004,0,0,-151.20110599593434,-0.31434741371296154
8,0.0,9.9997356e-05,-0.23173686157732104,0,0,-151.43284285751167,-0.31417602252595817
8,2.0,0.00010032379,-0.22462735961942767,0,0,-151.6574702171311,-0.3139906215675596
8,0.0,0.000100533056,-0.23200470994978045,0,0,-151.8894749270809,-0.31382122918818395
8,4.0,0.00010008975,-0.2172376174834261,0,0,-152.10671254456432,-0.31362208772075145
8,0.0,9.021157e-05,-0.22684396993188954,0,0,-152.3335565144962,-0.31344353192283203
8,4.0,0.00010249713,-0.21844130348234272,0,0,-152.55199781797853,-0.3132484554783957
8,0.0,0.0001001533,-0.231814833393384,0,0,-152.7838126513719,-0.31308158330199204
8,26.0,0.0001287005,-0.15154297541647052,0,0,-152.93535562678838,-0.31275123850059006
8,16.0,0.00019682533,-0.22196904014616106,0,0,-153.15732466693453,-0.31256596870803
8,26.0,0.00018304608,-0.17871576737432576,0,0,-153.33604043430884,-0.3122933613733382
8,28.0,0.00017468986,-0.16726493429212663,0,0,-153.50330536860096,-0.3119985881475633
8,43.0,0.0002,-0.125374551525403,0,0,-153.62867992012636,-0.3116200404059362
8,28.0,0.00020000838,-0.1799241979029665,0,0,-153.80860411802934,-0.31135344963163875
8,43.0,0.0002,-0.125374551525403,0,0,-153.93397866955473,-0.3109777346859696
8,16.0,0.00018808714,-0.2175999421980867,0,0,-154.15157861175283,-0.3107894730075666
8,26.0,0.00019776804,-0.18607674430875873,0,0,-154.3376553560616,-0.310538541963907
8,26.0,0.0001874371,-0.18091126870184038,0,0,-154.51856662476342,-0.31027824623446515
8,30.0,0.00018782141,-0.16655798744230366,0,0,-154.68512461220573,-0.30999022968377943
8,45.0,0.00018783215,-0.11201790761022662,0,0,-154.79714251981596,-0.3095942850396323
8,43.0,0.0002,-0.125374551525403,0,0,-154.92251707134136,-0.3092265809807217
8,16.0,0.00020000694,-0.2235598404315004,0,0,-155.14607691177287,-0.3090559301031336
8,16.0,0.00019636264,-0.22173769663839432,0,0,-155.36781460841127,-0.30888233520558933
8,20.0,0.00019132033,-0.20467109869985672,0,0,-155.57248570711113,-0.30867556687918907
8,24.0,0.00020000835,-0.1944696147349367,0,0,-155.76695532184607,-0.30844941647890345
8,22.0,0.00020000066,-0.20173849653272724,0,0,-155.9686938183788,-0.3082385253327648
8,41.0,0.00019345661,-0.12937557887106035,0,0,-156.09806939724984,-0.30788573845611455
8,12.0,0.00019971022,-0.23795692514448258,0,0,-156.33602632239433,-0.30774808331180026
8,41.0,0.00019295675,-0.12912565063505266,0,0,-156.46515197302938,-0.3073971551532998
8,43.0,0.00019933304,-0.12504107545881366,0,0,-156.5901930484882,-0.30703959421272237
8,16.0,0.00019085132,-0.21898203681974504,0,0,-156.80917508530794,-0.3068672702256519
8,20.0,0.00018110506,-0.19956346344022846,0,0,-157.00873854874817,-0.30665769247802416
8,18.0,0.00020000368,-0.21628548692731953,0,0,-157.2250240356755,-0.3064815283346505
8,22.0,0.00019795158,-0.20071395229368305,0,0,-157.42573798796917,-0.3062757548404073
8,18.0,0.00020000487,-0.21628608297376728,0,0,-157.64202407094294,-0.3061010176134818
8,16.0,0.00020000269,-0.22355771850614642,0,0,-157.8655817894491,-0.3059410499795529
8,20.0,0.0001902654,-0.20414363335638142,0,0,-158.06972542280548,-0.3057441497539762
8,22.0,0.00019903453,-0.2012554306891451,0,0,-158.27098085349462,-0.30554243408010584
8,20.0,0.00019992857,-0.20897522162466142,0,0,-158.47995607511928,-0.3053563700869354
8,16.0,0.00018402384,-0.21556829403905964,0,0,-158.69552436915833,-0.30518370070992024
8,24.0,0.00019876788,-0.19384938668279744,0,0,-158.88937375584112,-0.30497000720890854
8,22.0,0.00019602662,-0.19975147437124346,0,0,-159.08912523021237,-0.3047684391383383
8,18.0,0.00020000066,-0.21628398489027117,0,0,-159.30540921510266,-0.30459925280134387
8,41.0,0.00019825873,-0.1317766387370119,0,0,-159.43718585383968,-0.3042694386523661
8,24.0,0.0001866658,-0.18779834698705766,0,0,-159.62498420082673,-0.30404758895395606
8,22.0,0.00018997355,-0.19672494124441242,0,0,-159.82170914207114,-0.30384355350203673
8,24.0,0.00018995059,-0.1894407410529146,0,0,-160.01114988312406,-0.3036264703664596
8,20.0,0.0002000065,-0.2090141851809511,0,0,-160.22016406830502,-0.3034472804323962
8,18.0,0.00019999512,-0.21628121327428912,0,0,-160.43644528157932,-0.3032825052581843
8,39.0,0.00018201422,-0.1309271056559572,0,0,-160.56737238723528,-0.3029573063910102
8,28.0,0.00020000464,-0.17992232631712055,0,0,-160.7472947135524,-0.30272560209708577
8,16.0,0.0001844558,-0.21578427146940327,0,0,-160.9630789850218,-0.3025621785432744
8,14.0,0.00019999211,-0.23082514595060444,0,0,-161.1939041309724,-0.3024275874877534
8,28.0,0.00019539683,-0.1776184220221529,0,0,-161.37152255299458,-0.3021938624587916
8,33.0,0.00019751464,-0.16049552749662493,0,0,-161.5320180804912,-0.30192900575792775
8,28.0,0.00020000397,-0.1799219925311098,0,0,-161.71194007302233,-0.3017013807332508
8,22.0,0.00018531483,-0.1943955798056612,0,0,-161.906335652828,-0.30150155615051794
8,22.0,0.00018659167,-0.19503399919538594,0,0,-162.10136965202338,-0.3013036610632407
8,38.0,0.0001769457,-0.13202920745878313,0,0,-162.23339885948215,-0.3009896082736221
8,26.0,0.00017207762,-0.1732315320876131,0,0,-162.40663039156976,-0.30075301924364795
8,22.0,0.00020000852,-0.20174243043928242,0,0,-162.60837282200904,-0.30057000521628313
8,43.0,0.00018881646,-0.11978278349905108,0,0,-162.7281556055081,-0.30023644945665723
8,43.0,0.0002,-0.125374551525403,0,0,-162.8535301570335,-0.2999144201786991
8,26.0,0.00019400578,-0.18419561575918292,0,0,-163.0377257727927,-0.29970170178822203
8,20.0,0.00019559643,-0.20680914711027237,0,0,-163.24453491990297,-0.29953125673376707
8,20.0,0.00019580893,-0.20691539835004902,0,0,-163.45145031825302,-0.2993616306195112
8,24.0,0.00018710268,-0.18801678012876605,0,0,-163.6394670983818,-0.2991580751341534
8,22.0,0.0001880262,-0.19575126360921954,0,0,-163.83521836199102,-0.29896937657297645
8,43.0,0.00019638012,-0.12356461476354694,0,0,-163.95878297675458,-0.2986498779175859
8,2.0,0.00019999646,-0.2744636912253389,0,0,-164.23324666797993,-0.29860590303269086
8,8.0,0.00019610202,-0.25069826435117815,0,0,-164.4839449323311,-0.29851895632002023
8,12.0,0.00019998952,-0.23809657286672686,0,0,-164.72204150519784,-0.29840949548043094
8,14.0,0.00019999231,-0.23082524727850054,0,0,-164.95286675247633,-0.2982872816500477
8,20.0,0.0001989666,-0.20849423598318195,0,0,-165.1613609884595,-0.29812520034017975
8,18.0,0.00018788323,-0.21022526811628434,0,0,-165.3715862565758,-0.29796682208392045
8,12.0,0.00018236839,-0.2292860050108919,0,0,-165.6008722615867,-0.29784329543450855
8,18.0,0.00019146904,-0.21201816987066363,0,0,-165.81289043145736,-0.29768921082846933
8,18.0,0.00019950267,-0.21603498648672198,0,0,-166.0289254179441,-0.29754287709308985
8,18.0,0.00019999202,-0.21627966355352496,0,0,-166.24520508149763,-0.2973975046180638
8,24.0,0.00020000413,-0.19446750473051166,0,0,-166.43967258622814,-0.2972137010468361
8,24.0,0.00019477365,-0.1918522674944887,0,0,-166.63152485372262,-0.29702589100485327
8,22.0,0.0001880691,-0.1957727153208742,0,0,-166.8272975690435,-0.29684572521182123
8,20.0,0.00019999809,-0.20900997709302996,0,0,-167.03630754613653,-0.2966897114496209
8,28.0,0.00018588557,-0.17286278795271015,0,0,-167.20917033408924,-0.296470160166825
8,18.0,0.00020000497,-0.21628614257841206,0,0,-167.42545647666765,-0.29632824155162424
8,18.0,0.00019999247,-0.2162798900511751,0,0,-167.64173636671882,-0.29618681336876124
8,40.0,0.00016919355,-0.12088040899305438,0,0,-167.76261677571188,-0.2958776309977283
8,41.0,0.0001916965,-0.1284955222514162,0,0,-167.8911122979633,-0.2955829441865552
8,24.0,0.00019999527,-0.19446307610540486,0,0,-168.0855753740687,-0.2954052291284161
8,16.0,0.00018904317,-0.2180779595282564,0,0,-168.30365333359694,-0.29526956725192455
8,20.0,0.00019288679,-0.2054543275740633,0,0,-168.50910766117102,-0.295112272611508
8,43.0,0.0002,-0.125374551525403,0,0,-168.6344822126964,-0.2948155283438749
8,43.0,0.00019417796,-0.12246353816061115,0,0,-168.75694575085703,-0.2945147395302916
8,4.0,0.00019999729,-0.2671913881209383,0,0,-169.02413713897798,-0.294467137872784
8,26.0,0.00019245177,-0.18341860960989093,0,0,-169.20755574858788,-0.29427400999754416
8,43.0,0.0002,-0.125374551525403,0,0,-169.33293030011328,-0.29398078177103004
8,18.0,0.00019507181,-0.2138195593264589,0,0,-169.54674985943973,-0.2938418541758055
8,18.0,0.00018546468,-0.20901599716215227,0,0,-169.75576585660187,-0.2936950966377196
8,28.0,0.00019421545,-0.1770277280714998,0,0,-169.93279358467336,-0.29349359859183666
8,20.0,0.00019876988,-0.2083958704379091,0,0,-170.14118945511126,-0.2933468783708816
8,43.0,0.0002,-0.125374551525403,0,0,-170.26656400663666,-0.2930577693745899
8,14.0,0.0001998362,-0.23074719499616717,0,0,-170.4973112016328,-0.29295070653201527
8,22.0,0.00018935911,-0.19641772102384664,0,0,-170.69372892265665,-0.29278512679700985
8,41.0,0.00018679268,-0.12604361366300676,0,0,-170.81977253631965,-0.29249961050739687
8,43.0,0.00018704629,-0.11889769624738786,0,0,-170.93867023256703,-0.2922028550984053
8,18.0,0.0001999978,-0.21628255437879657,0,0,-171.15495278694584,-0.2920732982712388
8,43.0,0.0002,-0.125374551525403,0,0,-171.28032733847124,-0.2917893140348745
8,16.0,0.00019323407,-0.2201734084990511,0,0,-171.5005007469703,-0.2916675182771605
8,20.0,0.00019998495,-0.20900340866117573,0,0,-171.70950415563146,-0.29152717174131
8,18.0,0.00020000299,-0.21628515314130875,0,0,-171.92578930877278,-0.2913996428962252
8,14.0,0.00018832332,-0.22499075125722978,0,0,-172.15078006003,-0.2912872759052963
8,18.0,0.00020000355,-0.21628542732267475,0,0,-172.36706548735268,-0.29116058359350133
8,18.0,0.00017804626,-0.20530678223638626,0,0,-172.57237226958907,-0.2910158048391049
8,24.0,0.00019165232,-0.1902916033175478,0,0,-172.76266387290661,-0.290846235476274
8,16.0,0.00017917811,-0.21314543079404924,0,0,-172.97580930370066,-0.29071564588857274
8,14.0,0.00019275173,-0.22720495652227496,0,0,-173.20301426022294,-0.2906090843292333
8,39.0,0.00018717878,-0.13350938748388383,0,0,-173.33652364770683,-0.2903459357583031
8,43.0,0.00018817539,-0.11946224760084245,0,0,-173.45598589530766,-0.29006017708245446
8,14.0,0.00018481463,-0.2232364137080202,0,0,-173.67922230901567,-0.2899486182120464
8,28.0,0.0001929617,-0.17640085410146808,0,0,-173.85562316311714,-0.2897593719385288
8,24.0,0.00019810918,-0.1935200352576265,0,0,-174.04914319837476,-0.28959923993074027
8,43.0,0.00019703317,-0.12389113496809098,0,0,-174.17303433334286,-0.289323977297912
8,24.0,0.00020000339,-0.19446713518171405,0,0,-174.36750146852458,-0.28916666910203104
8,28.0,0.00019498118,-0.17741059850721452,0,0,-174.5449120670318,-0.28898164249508596
8,14.0,0.00019357925,-0.22761872004537675,0,0,-174.77253078707716,-0.2888802161769873
8,20.0,0.00018536848,-0.20169517587690447,0,0,-174.97422596295405,-0.28873634647352175
8,41.0,0.00019460605,-0.12995029877691364,0,0,-175.10417626173097,-0.28847475496166575
8,18.0,0.00018448326,-0.20852528404264542,0,0,-175.31270154577362,-0.2883432591213384
8,28.0,0.00019962863,-0.17973432134657003,0,0,-175.49243586712018,-0.28816491932203664
8,20.0,0.00020000819,-0.20901503156690693,0,0,-175.70145089868709,-0.288035165407684
8,16.0,0.00020000733,-0.22356004308729266,0,0,-175.9250109417744,-0.2879296414758994
8,18.0,0.00019648795,-0.2145276267436037,0,0,-176.139538568518,-0.2878097035433303
8,18.0,0.00018922897,-0.21089813899068927,0,0,-176.3504367075087,-0.28768423606445154
8,43.0,0.0002,-0.125374551525403,0,0,-176.4758112590341,-0.2874198880440297
8,16.0,0.00017485225,-0.21098249744443986,0,0,-176.68679375647852,-0.28729559960403034
8,43.0,0.0002,-0.125374551525403,0,0,-176.81216830800392,-0.28703274075974683
8,20.0,0.00019475992,-0.206390895357419,0,0,-177.01855920336135,-0.2869020408482358
8,24.0,0.00020000778,-0.19446934055357074,0,0,-177.21302854391493,-0.28675247337203086
8,16.0,0.00019211842,-0.21961558054952715,0,0,-177.43264412446445,-0.2866440131251447
8,24.0,0.00019464831,-0.19178959917097188,0,0,-177.6244337236354,-0.286491022134896
8,28.0,0.00019890447,-0.17937224101095295,0,0,-177.80380596464636,-0.28631852812342434
8,22.0,0.00019958496,-0.2015306432154665,0,0,-178.00533660786184,-0.2861822131959196
8,16.0,0.00020000603,-0.22355938743620013,0,0,-178.22889599529805,-0.28608169501652997
8,20.0,0.00020000563,-0.20901374410657975,0,0,-178.43790973940463,-0.2859581886849435
8,43.0,0.0002,-0.125374551525403,0,0,-178.56328429093003,-0.28570125486548825
8,38.0,0.00018008877,-0.1336007375624666,0,0,-178.6968850284925,-0.2854582827931192
8,20.0,0.00018958488,-0.2038033742812166,0,0,-178.9006884027737,-0.2853280516790651
8,43.0,0.0002,-0.125374551525403,0,0,-179.0260629542991,-0.2850733486533427
8,45.0,0.00019664667,-0.11642516445188617,0,0,-179.142488118751,-0.2848052275337855
8,26.0,0.00019858965,-0.18648755144147966,0,0,-179.32897567019248,-0.28464916773046445
8,16.0,0.0001793086,-0.2132106740382204,0,0,-179.5421863442307,-0.28453595300195056
8,39.0,0.00018784561,-0.13384279798536394,0,0,-179.67602914221604,-0.2842975144655319
8,22.0,0.00018475828,-0.1941173036005983,0,0,-179.87014644581663,-0.28415504967743566
8,43.0,0.0002,-0.125374551525403,0,0,-179.99552099734203,-0.2839046072513283
8,16.0,0.00019140929,-0.21926101635961626,0,0,-180.21478201370164,-0.2838028063207902
8,28.0,0.00018083847,-0.17033924054174518,0,0,-180.3851212542434,-0.2836244044878043
8,20.0,0.00018958682,-0.20380433987646196,0,0,-180.58892559411984,-0.2834990982639246
8,22.0,0.00019514222,-0.19930927347211932,0,0,-180.78823486759197,-0.28336713929089674
8,24.0,0.00019492126,-0.19192607592611408,0,0,-180.9801609435181,-0.2832240390352398
8,22.0,0.00018609856,-0.19478744458227254,0,0,-181.17494838810035,-0.2830858568564071
8,20.0,0.00020000321,-0.2090125400927553,0,0,-181.3839609281931,-0.28297029785989586
8,16.0,0.0001999846,-0.22354867052106953,0,0,-181.60750959871416,-0.28287774080796624
8,26.0,0.0001989539,-0.18666967343359087,0,0,-181.79417927214774,-0.28272811706399364
8,20.0,0.00019268932,-0.20535559247999285,0,0,-181.99953486462775,-0.2826079733922794
8,43.0,0.0001983509,-0.12455000471143815,0,0,-182.12408486933919,-0.2823629222780455
8,18.0,0.00020000958,-0.21628844331770036,0,0,-182.34037331265688,-0.2822606398028747
8,20.0,0.00019999794,-0.20900990556745624,0,0,-182.54938321822434,-0.28214742383033153
8,18.0,0.00018558007,-0.20907368849783037,0,0,-182.75845690672216,-0.28203465572025055
8,14.0,0.00019998076,-0.2308194715884218,0,0,-182.9892763783106,-0.28195574172312904
8,37.0,0.00017337354,-0.1338794846442232,0,0,-183.1231558629548,-0.2817279320968539
8,45.0,0.00019847056,-0.11733711551694964,0,0,-183.24049297847176,-0.28147541164127793
8,43.0,0.00019218946,-0.1214692850020418,0,0,-183.3619622634738,-0.28123000347158583
8,18.0,0.00018990847,-0.21123789142637345,0,0,-183.57320015490018,-0.2811228180013788
8,45.0,0.00019611705,-0.11616035889654253,0,0,-183.68936051379671,-0.2808705818253775
8,26.0,0.00018752067,-0.18095305751829244,0,0,-183.870313571315,-0.2807180359867408
8,43.0,0.00019446289,-0.12260599922208879,0,0,-183.99291957053708,-0.2804770115404532
8,43.0,0.0002,-0.125374551525403,0,0,-184.11829412206248,-0.28024093473677736
8,14.0,0.00019322816,-0.22744317244558426,0,0,-184.34573729450807,-0.28016069497645635
8,16.0,0.00018497588,-0.21604431461362933,0,0,-184.5617816091217,-0.2800634015312927
8,16.0,0.00019652273,-0.22181773971586322,0,0,-184.78359934883758,-0.27997515052854205
8,43.0,0.00019390022,-0.12232466529874894,0,0,-184.90592401413633,-0.27973664752516875
8,12.0,0.00018806479,-0.23213420700101944,0,0,-185.13805822113736,-0.27966474051531354
8,14.0,0.00019264738,-0.22715278457670307,0,0,-185.36521100571406,-0.27958553696186156
8,20.0,0.00020001293,-0.20901740383176898,0,0,-185.57422840954584,-0.27947925965293074
8,41.0,0.0001914975,-0.12839602421789262,0,0,-185.70262443376373,-0.2792520668176901
8,16.0,0.00019999608,-0.22355441640882584,0,0,-185.92617885017256,-0.27916843671197106
8,20.0,0.00019393506,-0.20597846697836014,0,0,-186.13215731715093,-0.27905870662241544
8,24.0,0.00017906028,-0.1839955885317812,0,0,-186.3161529056827,-0.2789163965653935
8,22.0,0.00019482472,-0.199150528421689,0,0,-186.5153034341044,-0.27879716507339997
8,43.0,0.00019790477,-0.12432693432836625,0,0,-186.63963036843276,-0.27856661249019843
8,47.0,0.00019652992,-0.10909407328634355,0,0,-186.7487244417191,-0.27831404536768894
8,12.0,0.00019983467,-0.2380191523936281,0,0,-186.98674359411274,-0.27825408272933466
8,36.0,0.0001765264,-0.13909227441816424,0,0,-187.1258358685309,-0.2780473044108931
8,22.0,0.00019526211,-0.19936921786336992,0,0,-187.32520508639428,-0.2779305713447988
8,43.0,0.0002,-0.125374551525403,0,0,-187.45057963791967,-0.2777045624265479
8,26.0,0.0001797944,-0.17708992551832292,0,0,-187.627669563438,-0.27755572420626945
8,18.0,0.00020000059,-0.2162839491274843,0,0,-187.84395351256546,-0.2774652193686346
8,43.0,0.00019329072,-0.12201991271047685,0,0,-187.96597342527593,-0.27723594900483206
8,24.0,0.00019344354,-0.19118721674947833,0,0,-188.15716064202542,-0.27710922038589925
8,20.0,0.00019777678,-0.20789932202367878,0,0,-188.3650599640491,-0.2770074411236019
8,18.0,0.00017802801,-0.20529766272573563,0,0,-188.57035762677484,-0.2769021404211087
8,41.0,0.00018621617,-0.1257553596404085,0,0,-188.69611298641524,-0.2766805175753892
8,43.0,0.0002,-0.125374551525403,0,0,-188.82148753794064,-0.27645898614632625
8,20.0,0.00018442959,-0.2012257296946535,0,0,-189.02271326763528,-0.27634899600531504
8,18.0,0.00017998423,-0.20627576898603533,0,0,-189.22898903662133,-0.27624669932353507
8,16.0,0.00019386041,-0.22048657726316545,0,0,-189.4494756138845,-0.27616541634677066
8,18.0,0.0001912078,-0.21188755225210282,0,0,-189.6613631661366,-0.27607185322581773
8,41.0,0.00017571995,-0.12050724815397357,0,0,-189.78187041429058,-0.27584574188123656
8,16.0,0.0001920399,-0.21957631897001362,0,0,-190.0014467332606,-0.2757640736331796
8,24.0,0.00019274237,-0.19083663414983842,0,0,-190.19228336741043,-0.2756409903875516
8,22.0,0.00020000484,-0.20174058269529438,0,0,-190.39402395010572,-0.27553404334313447
8,43.0,0.0002,-0.125374551525403,0,0,-190.51939850163112,-0.2753170498578487
8,45.0,0.00019250182,-0.11435274075536822,0,0,-190.6337512423865,-0.27508477812754206
8,24.0,0.00019397777,-0.19145432900457476,0,0,-190.82520557139108,-0.27496427315762423
8,22.0,0.00019889072,-0.20118352364568803,0,0,-191.02638909503676,-0.27485811380580855
8,20.0,0.00019672733,-0.20737459849386308,0,0,-191.23376369353062,-0.2747611547320845
8,26.0,0.00018842795,-0.18140669654874897,0,0,-191.41517039007937,-0.2746272172024097
8,14.0,0.00019431542,-0.22798680256872272,0,0,-191.6431571926481,-0.27456039712413793
8,26.0,0.00019004862,-0.18221703361539937,0,0,-191.82537422626348,-0.2744282893079594
8,14.0,0.00020000034,-0.23082927059202288,0,0,-192.0562034968555,-0.2743660049955081
8,43.0,0.00019765798,-0.12420354675321674,0,0,-192.1804070436087,-0.27415179321484867
8,43.0,0.0001946793,-0.12271420549421405,0,0,-192.30312124910293,-0.27393607015541754
8,10.0,0.00019998474,-0.2453669090178499,0,0,-192.5484881581208,-0.27389543123488047
8,22.0,0.00019999569,-0.2017360110190401,0,0,-192.75022416913984,-0.2737929320584375
8,22.0,0.0001953395,-0.1994079131987581,0,0,-192.9496320823386,-0.27368742139338836
8,16.0,0.00018528367,-0.2161982078459749,0,0,-193.16583029018457,-0.273605991912443
8,18.0,0.00019079233,-0.21167981814413164,0,0,-193.3775101083287,-0.2735184018505359
8,22.0,0.00019975276,-0.20161454271345233,0,0,-193.57912465104215,-0.2734168427274609
8,16.0,0.00018460523,-0.21585899185209367,0,0,-193.79498364289424,-0.27333566099138845
8,22.0,0.00019745163,-0.20046398233442403,0,0,-193.99544762522865,-0.273233024824266
8,43.0,0.0002,-0.125374551525403,0,0,-194.12082217675405,-0.27302506635267826
8,24.0,0.00019328848,-0.1911096830275545,0,0,-194.3119318597816,-0.2729100166569969
8,18.0,0.00018950977,-0.2110385377314577,0,0,-194.52297039751306,-0.2728232403892192
8,26.0,0.00017412286,-0.17425415705709552,0,0,-194.69722455457017,-0.27268518845177925
8,28.0,0.00019026619,-0.17505309771566485,0,0,-194.87227765228585,-0.2725486400731273
8,16.0,0.0001955633,-0.22133802365331745,0,0,-195.09361567593916,-0.2724771168658371
8,43.0,0.0002,-0.125374551525403,0,0,-195.21899022746456,-0.2722719528974404
8,18.0,0.00018144696,-0.20700712989835834,0,0,-195.42599735736292,-0.27218105481526894
8,14.0,0.00019697743,-0.22931781004934404,0,0,-195.65531516741225,-0.27212143973214525
8,45.0,0.00019384752,-0.1150255937483797,0,0,-195.77034076116064,-0.2719032510571678
8,30.0,0.00018887826,-0.16708641242055988,0,0,-195.9374271735812,-0.2717578740271587
8,43.0,0.00019411546,-0.12243228744535539,0,0,-196.05985946102655,-0.2715510518850786
8,41.0,0.00019255141,-0.1289229769614229,0,0,-196.18878243798798,-0.2713537793056544
8,16.0,0.00018303163,-0.2150721926596651,0,0,-196.40385463064766,-0.2712760423075246
8,16.0,0.00018071153,-0.2139121432211885,0,0,-196.61776677386885,-0.27119691968809523
8,22.0,0.00018183327,-0.19265479635267352,0,0,-196.81042157022154,-0.27108873494520896
8,22.0,0.00018516002,-0.1943181772139559,0,0,-197.00473974743548,-0.2709831358286598
8,20.0,0.00017976873,-0.19889529537229633,0,0,-197.20363504280778,-0.2708841140697911
8,43.0,0.0002,-0.125374551525403,0,0,-197.32900959433317,-0.27068451247508
8,22.0,0.00019999205,-0.20173418711691,0,0,-197.53074378145007,-0.2705900599745894
8,18.0,0.00018156726,-0.20706728290586565,0,0,-197.73781106435592,-0.2705031615107471
8,41.0,0.00018807153,-0.1266830403712282,0,0,-197.86449410472716,-0.27030668593541984
8,24.0,0.00019600012,-0.1924655098822603,0,0,-198.0569596146094,-0.27020049060656154
8,45.0,0.00019397841,-0.11509103964834308,0,0,-198.17205065425776,-0.2699891698286893
8,38.0,0.00018408328,-0.13559799980192278,0,0,-198.30764865405968,-0.2698063246994012
8,43.0,0.0002,-0.125374551525403,0,0,-198.43302320558507,-0.26961008587715396
8,12.0,0.00017788626,-0.22704494785337542,0,0,-198.66006815343846,-0.26955233128010675
8,24.0,0.00019504662,-0.19198875617055988,0,0,-198.85205690960902,-0.26944723158483636
8,41.0,0.0001829911,-0.12414282750158404,0,0,-198.9761997371106,-0.2692506085752514
8,10.0,0.00018320665,-0.236977859249402,0,0,-199.21317759636,-0.2692069967518381
8,14.0,0.00019902717,-0.2303426821139345,0,0,-199.44352027847393,-0.2691545482840407
8,18.0,0.00019679034,-0.21467881988554094,0,0,-199.65819909835946,-0.26908113086032304
8,36.0,0.00017817224,-0.1399151940253267,0,0,-199.79811429238478,-0.26890728706915884
8,41.0,0.00018870448,-0.12699951123266315,0,0,-199.92511380361745,-0.26871655081131407
8,18.0,0.00019999256,-0.21627993177442645,0,0,-200.1413937353919,-0.26864616608777464
8,22.0,0.00016761653,-0.18554642986326314,0,0,-200.32694016525514,-0.2685347723394844
8,16.0,0.00019998633,-0.22354954074888322,0,0,-200.55048970600402,-0.26847455114592267
8,41.0,0.00018689668,-0.1260956127551088,0,0,-200.67658531875912,-0.26828420497160343
8,28.0,0.00019206312,-0.17595156621008012,0,0,-200.8525368849692,-0.2681609304205199
8,43.0,0.00019753717,-0.12414313744573688,0,0,-200.97668002241494,-0.26796890669655354
8,24.0,0.000194046,-0.19148844670324422,0,0,-201.16816846911817,-0.2678670685341124
8,20.0,0.00020000827,-0.20901506732969377,0,0,-201.37718353644786,-0.26778880789421294
8,16.0,0.00018968307,-0.21839790534048176,0,0,-201.59558144178834,-0.2677232157261469
8,22.0,0.00019885004,-0.2011631865408907,0,0,-201.79674462832924,-0.2676349398253706
8,43.0,0.0001967145,-0.12373180579214191,0,0,-201.92047643412138,-0.2674443396478432
8,45.0,0.00019716981,-0.11668673943548297,0,0,-202.03716317355688,-0.2672449248327475
8,24.0,0.00020000846,-0.19446967433958148,0,0,-202.23163284789646,-0.26714878843843687
8,26.0,0.00019701911,-0.18570227812795734,0,0,-202.41733512602443,-0.26704133921639134
8,26.0,0.00017404964,-0.17421754192381,0,0,-202.59155266794824,-0.26691904172325226
8,22.0,0.0001999966,-0.20173646997480488,0,0,-202.79328913792304,-0.266833275181478
8,20.0,0.00018070418,-0.19936302494077776,0,0,-202.9926521628638,-0.26674461519430226
8,43.0,0.0002,-0.125374551525403,0,0,-203.1180267143892,-0.2665590901763641
8,28.0,0.00019999626,-0.17991813015012836,0,0,-203.29794484453933,-0.2664455371488068
8,45.0,0.00019898263,-0.11759314726858233,0,0,-203.41553799180792,-0.26625070417775937
8,39.0,0.00018155812,-0.1306990523245821,0,0,-203.5462370441325,-0.2660735124759905
8,20.0,0.00017733838,-0.19768012355833148,0,0,-203.74391716769085,-0.2659842260674818
8,20.0,0.00019999185,-0.20900685380964373,0,0,-203.9529240215005,-0.26590994005410784
8,43.0,0.00019201468,-0.12138189267187213,0,0,-204.07430591417238,-0.2657217524924122
8,39.0,0.00018659455,-0.13321727108030412,0,0,-204.20752318525268,-0.26554944497432104
8,12.0,0.00019969481,-0.23794921826391313,0,0,-204.4454724035166,-0.26551360052404777
8,16.0,0.00019087602,-0.21899438094167803,0,0,-204.66446678445826,-0.26545326431187866
8,38.0,0.00017903368,-0.13307319473295307,0,0,-204.7975399791912,-0.26528178753781273
8,28.0,0.00018427135,-0.1720556814578066,0,0,-204.96959566064902,-0.26516118455452686
8,67.0,0.00018317206,-0.029687841644574144,0,0,-204.9992835022936,-0.26485695542932014
8,20.0,0.00019999222,-0.20900704454450703,0,0,-205.2082905468381,-0.2647848910281785
8,14.0,0.0001948391,-0.22824864577322101,0,0,-205.43653919261132,-0.26473780823790144
8,16.0,0.00019700451,-0.22205863188772296,0,0,-205.65859782449905,-0.2646828800830106
8,18.0,0.00019999205,-0.21627967547445393,0,0,-205.8748774999735,-0.26462066516706134
8,43.0,0.0002,-0.125374551525403,0,0,-206.0002520514989,-0.2644419153421041
8,22.0,0.00019700734,-0.20024183582334615,0,0,-206.20049388732224,-0.2643596075478493
8,28.0,0.00019443779,-0.17713889669447042,0,0,-206.3776327840167,-0.26424792930091795
8,28.0,0.000198685,-0.17926250289945697,0,0,-206.55689528691616,-0.2641392522850593
8,41.0,0.00019148819,-0.12839136909513568,0,0,-206.6852866560113,-0.2639658833410109
8,41.0,0.00018612228,-0.1257084150221834,0,0,-206.8109950710335,-0.26378953452937975
8,36.0,0.00019487001,-0.14826408218412493,0,0,-206.9592591532176,-0.2636423683480482
8,43.0,0.0002,-0.125374551525403,0,0,-207.084633704743,-0.26346645509509314
8,10.0,0.00017116779,-0.23095842789678667,0,0,-207.31559213263978,-0.26342514883435836
8,26.0,0.00018673496,-0.1805602092650423,0,0,-207.49615234190483,-0.2633199902816054
8,43.0,0.00019355028,-0.12214969586401078,0,0,-207.61830203776884,-0.26314106722150704
8,12.0,0.00018193056,-0.22906709503202533,0,0,-207.84736913280088,-0.26309793561114064
8,10.0,0.00019923082,-0.2449899454024324,0,0,-208.09235907820332,-0.2630750430824318
8,40.0,0.00018202924,-0.12729825567274186,0,0,-208.21965733387606,-0.26290360774479327
8,18.0,0.00020001127,-0.21628928970365618,0,0,-208.43594662357972,-0.26284482550262284
8,18.0,0.0001651183,-0.19884280156164263,0,0,-208.63478942514138,-0.26276421841957376
8,16.0,0.00019705005,-0.22208139490156267,0,0,-208.85687082004293,-0.26271304505665805
8,18.0,0.00019999733,-0.21628232192068192,0,0,-209.07315314196362,-0.2626547150024671
8,16.0,0.00019999189,-0.22355231832532976,0,0,-209.29670546028893,-0.2626056530242022
8,18.0,0.00020000721,-0.21628726314573382,0,0,-209.51299272343468,-0.2625476099291164
8,45.0,0.00019394085,-0.11507225822477435,0,0,-209.62806498165946,-0.2623630350208506
8,18.0,0.00020001436,-0.21629082750349138,0,0,-209.84435580916295,-0.26230544476145395
8,18.0,0.00020000669,-0.2162870008852968,0,0,-210.06064281004825,-0.26224799352065975
8,39.0,0.0001869355,-0.13338774632482622,0,0,-210.19403055637306,-0.26208731989572726
8,43.0,0.0001962166,-0.12348285507230852,0,0,-210.31751341144536,-0.26191471159582264
8,18.0,0.00017425207,-0.20340968560247513,0,0,-210.52092309704784,-0.2618419441505573
8,18.0,0.00020000698,-0.21628714393644427,0,0,-210.7372102409843,-0.2617853543366267
8,18.0,0.00019411118,-0.2133392472174654,0,0,-210.95054948820177,-0.26172524750397264
8,26.0,0.00019813399,-0.18625971864729024,0,0,-211.13680920684905,-0.26163173383748356
8,22.0,0.00017596102,-0.18971867155103778,0,0,-211.3265278784001,-0.2615427325227726
8,10.0,0.0002000037,-0.24537639211683365,0,0,-211.57190427051694,-0.2615227494073141
8,32.0,0.0001929082,-0.16182866882352923,0,0,-211.73373293934046,-0.2613996702954823
8,14.0,0.00017750425,-0.21958121847181414,0,0,-211.95331415781226,-0.2613481062365135
8,43.0,0.00018000597,-0.11537753533392045,0,0,-212.06869169314618,-0.26116833952357926
8,22.0,0.00020000707,-0.20174170326261615,0,0,-212.2704333964088,-0.2610952440300234
8,28.0,0.00018700164,-0.17342082451849078,0,0,-212.4438542209273,-0.2609875358979453
8,20.0,0.00018981707,-0.2039194722083101,0,0,-212.6477736931356,-0.260917513733909
8,41.0,0.00018903369,-0.12716411541967484,0,0,-212.77493780855528,-0.2607536002555827
8,31.0,0.00020000829,-0.16901506971387958,0,0,-212.94395287826916,-0.2606413131924961
8,26.0,0.00019919178,-0.18678861450224016,0,0,-213.1307414927714,-0.26055102871976965
8,22.0,0.00019805947,-0.20076790045766923,0,0,-213.33150939322906,-0.26047803344716636
8,20.0,0.00019058956,-0.20430571626691912,0,0,-213.53581510949599,-0.2604095306213368
8,24.0,0.00019999646,-0.19446367215185262,0,0,-213.73027878164783,-0.2603292067985969
8,43.0,0.00019959513,-0.12517212223081683,0,0,-213.85545090387865,-0.2601647821215071
8,45.0,0.00019525125,-0.11572746228246783,0,0,-213.97117836616113,-0.2599892811253479
8,43.0,0.0002,-0.125374551525403,0,0,-214.09655291768652,-0.2598259137350567
8,8.0,0.00018855478,-0.24692464660673236,0,0,-214.34347756429327,-0.2598102758355072
8,18.0,0.00017454004,-0.20355367254285905,0,0,-214.54703123683612,-0.2597421685675984
8,30.0,0.00019955226,-0.17242341231374836,0,0,-214.71945464914987,-0.2596365836144499
8,10.0,0.0001985181,-0.2446335871127138,0,0,-214.96408823626257,-0.25961846405345745
8,26.0,0.00019871928,-0.18655236553220844,0,0,-215.15064060179478,-0.25953032641953555
8,43.0,0.0002,-0.125374551525403,0,0,-215.27601515332017,-0.25936869295580767
8,24.0,0.00019358541,-0.19125815223722553,0,0,-215.4672733055574,-0.25928673081294534
8,18.0,0.00019999927,-0.2162832875159273,0,0,-215.68355659307332,-0.25923504398205954
8,14.0,0.00017349643,-0.2175773103144655,0,0,-215.90113390338777,-0.2591850346979448
8,20.0,0.00019365594,-0.20583890270261856,0,0,-216.1069728060904,-0.25912107051090005
8,43.0,0.0002,-0.125374551525403,0,0,-216.2323473576158,-0.2589608950390611
8,14.0,0.00019474646,-0.22820232700376603,0,0,-216.46054968461956,-0.2589241024935644
8,20.0,0.00019999371,-0.20900778960256672,0,0,-216.66955747422213,-0.2588644653216516
8,28.0,0.00018334218,-0.17159109901456926,0,0,-216.8411485732367,-0.2587603204931228
8,38.0,0.00018462239,-0.13586754988699054,0,0,-216.9770161231237,-0.25861384520038605
8,22.0,0.0001978966,-0.2006864685919771,0,0,-217.17770259171567,-0.25854488403775705
8,41.0,0.00019258918,-0.12894186567335222,0,0,-217.306644457389,-0.2583907781895235
8,2.0,0.00019142617,-0.27017854641943073,0,0,-217.57682300380844,-0.2584047779142621
8,14.0,0.00020001041,-0.23083430122404192,0,0,-217.80765730503248,-0.25837207272245877
8,10.0,0.00018072211,-0.2357355911639223,0,0,-218.0433928961964,-0.2583452522466785
8,16.0,0.00018257706,-0.2148449022677431,0,0,-218.25823779846414,-0.2582937725425614
8,16.0,0.00019999259,-0.22355266999273393,0,0,-218.48179046845686,-0.2582527074095238
8,24.0,0.00019257043,-0.19075066041021443,0,0,-218.67254112886707,-0.2581730119585211
8,18.0,0.00019780912,-0.2151882131007204,0,0,-218.8877293419678,-0.25812232233722654
8,40.0,0.00017783047,-0.12519887279539202,0,0,-219.01292821476318,-0.25796575761456236
8,43.0,0.00019609956,-0.12342433523206806,0,0,-219.13635254999525,-0.25780747358823003
8,34.0,0.00018435916,-0.15028142522840593,0,0,-219.28663397522365,-0.2576811210049635
8,20.0,0.0001901986,-0.20411023091344926,0,0,-219.4907442061371,-0.2576182443734007
8,26.0,0.00017649443,-0.17543993782072162,0,0,-219.66618414395782,-0.25752190403746555
8,24.0,0.00020000363,-0.19446726631193256,0,0,-219.86065141026975,-0.25744806956706096
8,41.0,0.00018590539,-0.12559997033147904,0,0,-219.98625138060123,-0.25729386126386145
8,26.0,0.00018942915,-0.18190729807882405,0,0,-220.16815867868004,-0.25720579284892564
8,43.0,0.0001978585,-0.1243038077261934,0,0,-220.29246248640624,-0.2570507146865887
8,41.0,0.00018390737,-0.12460095476179217,0,0,-220.41706344116804,-0.256896344337026
8,43.0,0.0002,-0.125374551525403,0,0,-220.54243799269344,-0.25674323398450954
8,26.0,0.00017607026,-0.17522785257368184,0,0,-220.7176658452671,-0.25664844865728764
8,43.0,0.0001985005,-0.12462480258016681,0,0,-220.84229064784728,-0.2564951110892538
8,20.0,0.00018290922,-0.2004655439761171,0,0,-221.0427561918234,-0.2564301115914428
8,4.0,0.00019994704,-0.26716626476316546,0,0,-221.30992245658658,-0.2564425520933799
8,22.0,0.00019718826,-0.20033229779272174,0,0,-221.5102547543793,-0.2563776096694208
8,24.0,0.00019317317,-0.19105202745466326,0,0,-221.70130678183398,-0.2563020887651263
8,18.0,0.00018243544,-0.20750137161283588,0,0,-221.9088081534468,-0.2562457368977449
8,26.0,0.00019686611,-0.1856257815268526,0,0,-222.09443393497367,-0.256164283662023
8,34.0,0.00017003462,-0.14311915229826067,0,0,-222.23755308727192,-0.256034047335567
8,43.0,0.0002,-0.125374551525403,0,0,-222.36292763879732,-0.2558836911838867
8,20.0,0.00018390457,-0.20096321891813373,0,0,-222.56389085771545,-0.2558205642042709
8,45.0,0.0001987729,-0.11748828481702897,0,0,-222.68137914253248,-0.2556617441360881
8,24.0,0.00020000749,-0.19446918558149434,0,0,-222.87584832811396,-0.25559156918361725
8,41.0,0.00018712801,-0.12621128152875993,0,0,-223.0020596096427,-0.2554433672504502
8,41.0,0.0001873298,-0.12631217431097125,0,0,-223.1283717839537,-0.2552956198901075
8,20.0,0.00019233074,-0.20517630170850848,0,0,-223.33354808566222,-0.25523834066932855
8,43.0,0.0002,-0.125374551525403,0,0,-223.4589226371876,-0.2550900943346893
8,26.0,0.0001725119,-0.17344867180852985,0,0,-223.63237130899614,-0.25499700263283515
8,14.0,0.00019134283,-0.22650050710706804,0,0,-223.8588718161032,-0.25496454648758937
8,22.0,0.00019920537,-0.20134085010557268,0,0,-224.06021266620877,-0.2549035411447202
8,41.0,0.00018449992,-0.12489723156957719,0,0,-224.18510989777835,-0.25475580670202114
8,20.0,0.00019999703,-0.20900944661169146,0,0,-224.39411934439005,-0.2547038812081615
8,16.0,0.00017707398,-0.2120933611300478,0,0,-224.6062127055201,-0.25465556996090744
8,41.0,0.00018671261,-0.1260035831835756,0,0,-224.73221628870368,-0.2545098712216352
8,39.0,0.00018595763,-0.1328988094237337,0,0,-224.8651150981274,-0.25437230214720324
8,10.0,0.0002000071,-0.2453780848887453,0,0,-225.11049318301616,-0.254362139189849
8,26.0,0.00020000112,-0.18719328235654925,0,0,-225.29768646537272,-0.2542863278390214
8,22.0,0.00018578094,-0.19462863396673297,0,0,-225.49231509933946,-0.2542190700105295
8,20.0,0.0002000045,-0.2090131838229189,0,0,-225.70132828316238,-0.25416816248103896
8,20.0,0.00019378384,-0.2059028525259981,0,0,-225.9072311356884,-0.2541138707938005
8,10.0,0.00019892183,-0.2448354501631746,0,0,-226.15206658585157,-0.25410344560208065
8,18.0,0.00019999588,-0.21628159474401568,0,0,-226.36834818059558,-0.2540609968356855
8,24.0,0.00017902123,-0.1839760560896883,0,0,-226.55232423668525,-0.25398242627431106
8,18.0,0.00019611162,-0.21433946680097674,0,0,-226.76666370348622,-0.25393803326258285
8,20.0,0.00018114148,-0.19958167265920734,0,0,-226.96624537614542,-0.2538772319643688
8,12.0,0.00019999448,-0.2380990524199495,0,0,-227.20434442856538,-0.2538596027134811
8,43.0,0.0002,-0.125374551525403,0,0,-227.32971898009077,-0.2537162042188516
8,39.0,0.00018801648,-0.13392823528318498,0,0,-227.46364721537395,-0.25358266133263574
8,28.0,0.0001811016,-0.1704707999136934,0,0,-227.63411801528764,-0.2534901091484275
8,18.0,0.00019396428,-0.21326579641370869,0,0,-227.84738381170135,-0.2534453657527271
8,26.0,0.00020000357,-0.18719451021223163,0,0,-228.03457832191359,-0.2533717536910154
8,43.0,0.00017976497,-0.11525703858404254,0,0,-228.14983536049763,-0.25321846321919855
8,22.0,0.00019056567,-0.1970209975150118,0,0,-228.34685635801264,-0.2531561600421429
8,39.0,0.00019999416,-0.13991707157163713,0,0,-228.48677342958428,-0.25303075684339377
8,26.0,0.00018730336,-0.18084440421133136,0,0,-228.66761783379562,-0.25295090468340253
8,22.0,0.00020000225,-0.20173929523496723,0,0,-228.8693571290306,-0.25289431726964734
8,22.0,0.00018772474,-0.19560053538351152,0,0,-229.0649576644141,-0.25283107909979513
8,43.0,0.00019117868,-0.12096389721899126,0,0,-229.18592156163308,-0.252685690806652
8,22.0,0.00019878423,-0.2011302788165102,0,0,-229.3870518404496,-0.25262891171855717
8,20.0,0.00019662219,-0.2073220271971712,0,0,-229.59437386764677,-0.2525790691613279
8,24.0,0.00020001543,-0.19447316717176533,0,0,-229.78884703481853,-0.25251521652177894
8,26.0,0.00019262056,-0.18350300382642842,0,0,-229.97235003864495,-0.2524394621719487
8,41.0,0.00019015069,-0.12772261690168474,0,0,-230.10007265554663,-0.2523027112451172
8,22.0,0.0001999951,-0.2017357189562807,0,0,-230.3018083745029,-0.2522473257113945
8,41.0,0.00018960024,-0.12744739245443437,0,0,-230.42925576695734,-0.25211078311483326
8,12.0,0.00019891873,-0.23756118010549637,0,0,-230.66681694706284,-0.2520948819093586
8,14.0,0.00018691893,-0.22428856085805987,0,0,-230.8911055079209,-0.25206452566366944
8,43.0,0.0002,-0.125374551525403,0,0,-231.0164800594463,-0.25192636865806606
8,43.0,0.00019277772,-0.12176341604261492,0,0,-231.13824347548893,-0.25178457894933465
8,43.0,0.0002,-0.125374551525403,0,0,-231.26361802701433,-0.2516470272328777
8,20.0,0.00019998764,-0.20900475572614763,0,0,-231.47262278274047,-0.25160067693776167
8,2.0,0.000102222475,-0.22557670067815877,0,0,-231.69819948341862,-0.25157242072032454
8,0.0,0.00010469265,-0.23408450674085712,0,0,-231.93228399015948,-0.25155345335158324
8,6.0,0.00010032751,-0.21008377861051655,0,0,-232.14236776877,-0.25150852412651165
8,0.0,0.0001000025,-0.23173943351774312,0,0,-232.37410720228772,-0.25148712900680525
8,8.0,0.000110334826,-0.20781466554670427,0,0,-232.5819218678344,-0.2514399155327943
8,0.0,0.0001000025,-0.23173943351774312,0,0,-232.81366130135214,-0.2514186407142035
8,2.0,0.000103294995,-0.22611295770673848,0,0,-233.03977425905887,-0.2513913422427823
8,0.0,0.0001000025,-0.23173943351774312,0,0,-233.2715136925766,-0.25137016561700104
8,10.0,0.000105124345,-0.19793670367269608,0,0,-233.4694503962493,-0.25131264843514495
8,-2.0,9.5251184e-05,-0.23663649450807667,0,0,-233.70608689075738,-0.2512968676244707
8,18.0,0.00015640382,-0.1944855649378786,0,0,-233.90057245569525,-0.2512358458170737
8,0.0,9.553405e-05,-0.22950521003275012,0,0,-234.130077665728,-0.25121252968425783
8,6.0,9.4558614e-05,-0.20719932805566882,0,0,-234.3372769937837,-0.25116535583470956
8,-2.0,0.00010001041,-0.23901610564260578,0,0,-234.5762930994263,-0.2511523480721912
8,41.0,0.00018020642,-0.12275048684148882,0,0,-234.69904358626778,-0.2510150198783616
8,4.0,9.9997575e-05,-0.21719153117208576,0,0,-234.91623511743987,-0.25097888367247884
8,4.0,0.00010027864,-0.2173320610430727,0,0,-235.13356717848293,-0.25094297457682313
8,0.0,0.0001000025,-0.23173943351774312,0,0,-235.36530661200067,-0.2509225017185512
8,18.0,0.00016012507,-0.19634618948965166,0,0,-235.5616528014903,-0.2508643799802882
8,0.0,9.286544e-05,-0.22817090343504048,0,0,-235.78982370492534,-0.25084023798396354
8,16.0,0.0001776744,-0.21239357780485246,0,0,-236.0022172827302,-0.25079938074679126
8,0.0,0.0001000025,-0.23173943351774312,0,0,-236.23395671624792,-0.25077914725716377
8,41.0,0.00018921218,-0.12725336145429705,0,0,-236.36121007770222,-0.25064815490742587
8,2.0,0.00010089294,-0.22491193007497884,0,0,-236.5861220077772,-0.2506208919573915
8,24.0,0.00018102808,-0.18497948240308856,0,0,-236.77110149018029,-0.25055143014833936
8,26.0,0.00018569746,-0.18004145216016865,0,0,-236.95114294234045,-0.25047689528788675
8,18.0,0.00018940156,-0.21098443459539507,0,0,-237.16212737693584,-0.25043519258388197
8,10.0,0.00019197993,-0.24136449884443378,0,0,-237.40349187578028,-0.2504256243415408
8,14.0,0.0001977418,-0.22969999503164384,0,0,-237.6331918708119,-0.2504037849007506
8,38.0,0.00018784612,-0.1374794144537935,0,0,-237.7706712852657,-0.2502849171423854
8,16.0,0.00020001098,-0.22356186698942276,0,0,-237.99423315225513,-0.25025681719480075
8,47.0,0.00019713298,-0.10939560126333331,0,0,-238.10362875351848,-0.2501088537326879
8,45.0,0.00018951889,-0.11286127757101153,0,0,-238.21649003108948,-0.24996483738834194
8,24.0,0.00020000355,-0.19446721862821675,0,0,-238.41095724971768,-0.24990666378377158
8,22.0,0.00020000704,-0.20174167942075824,0,0,-238.61269892913845,-0.24985622924517156
8,18.0,0.00019441648,-0.21349189471273516,0,0,-238.8261908238512,-0.24981819123833846
8,26.0,0.00019385075,-0.18411809991865252,0,0,-239.01030892376986,-0.24974953910529804
8,20.0,0.0001908995,-0.20446068238287066,0,0,-239.21476960615271,-0.24970226472458568
8,20.0,0.00019577665,-0.20689925741224383,0,0,-239.42166886356495,-0.2496576317659701
8,20.0,0.00019232566,-0.20517376255064104,0,0,-239.62684262611558,-0.24961129440220417
8,22.0,0.00018891103,-0.19619367908506488,0,0,-239.82303630520065,-0.24955570895442356
8,14.0,0.00019999337,-0.23082578372030352,0,0,-240.05386208892094,-0.2495362391776729
8,41.0,0.0001895765,-0.12743552516965959,0,0,-240.1812976140906,-0.24940944715897304
8,12.0,0.00019426878,-0.23523620556860064,0,0,-240.4165338196592,-0.2493947446262029
8,43.0,0.0002,-0.125374551525403,0,0,-240.5419083711846,-0.24926622629138342
8,14.0,0.00019999228,-0.2308252353575716,0,0,-240.77273360654218,-0.24924713623865694
8,26.0,0.00016786013,-0.17112278532056902,0,0,-240.94385639186274,-0.24916634580337452
8,22.0,0.00018605779,-0.19476705979375936,0,0,-241.13862345165649,-0.24911014819386046
8,37.0,0.00019139962,-0.14289252947836015,0,0,-241.28151598113485,-0.2490005324882717
8,18.0,0.00018834657,-0.21045693944959734,0,0,-241.49197292058443,-0.24896079682534525
8,26.0,0.00017615408,-0.1752697605994234,0,0,-241.66724268118386,-0.24888490492397972
8,18.0,0.00020000048,-0.21628388952283953,0,0,-241.8835265707067,-0.24885136478467815
8,18.0,0.00019999975,-0.2162835259345064,0,0,-242.0998100966412,-0.24881789321340353
8,22.0,0.0001999982,-0.20173726867704486,0,0,-242.30154736531824,-0.24876955581654897
8,45.0,0.00019570593,-0.11595480035810565,0,0,-242.41750216567635,-0.2486333355545403
8,20.0,0.00019999269,-0.20900727700262162,0,0,-242.62650944267898,-0.24859273508471252
8,18.0,0.00018496148,-0.2087643940356264,0,0,-242.8352738367146,-0.2485519691266275
8,20.0,0.00019143686,-0.20472936224012467,0,0,-243.04000319895474,-0.24850716073512802
8,41.0,0.00019673901,-0.13101678084402177,0,0,-243.17101997979876,-0.24838715013258347
8,16.0,0.00019137003,-0.21924138855009173,0,0,-243.39026136834886,-0.24835740955954008
8,39.0,0.00017999271,-0.12991634797124957,0,0,-243.52017771632012,-0.24823667453243684
8,16.0,0.0001724176,-0.20976517390279864,0,0,-243.72994289022293,-0.2481974978515513
8,28.0,0.00019999241,-0.17991621088056658,0,0,-243.9098591011035,-0.24812803570814232
8,39.0,0.00018257428,-0.13120713423757646,0,0,-244.04106623534108,-0.24800921365380232
8,45.0,0.00018985796,-0.11303081702261064,0,0,-244.15409705236368,-0.247872179748593
8,12.0,0.00016853004,-0.22236683558492754,0,0,-244.3764638879486,-0.2478463122595832
8,24.0,0.00019439547,-0.19166317771940328,0,0,-244.568127065668,-0.2477893891242841
8,43.0,0.00017641153,-0.11358031820325945,0,0,-244.68170738387124,-0.2476535499836758
8,22.0,0.00019382234,-0.19864933680563068,0,0,-244.88035672067687,-0.24760400072869296
8,41.0,0.00018663857,-0.12596656273870563,0,0,-245.00632328341558,-0.24748113462971316
8,24.0,0.00020000493,-0.19446791004209613,0,0,-245.2007911934577,-0.24742763995303546
8,38.0,0.00018597148,-0.13654209565191364,0,0,-245.3373332891096,-0.2473158601704738
8,26.0,0.00019809522,-0.18624033521680927,0,0,-245.52357362432642,-0.2472543541030482
8,24.0,0.00019507302,-0.19200195859937763,0,0,-245.7155755829258,-0.24719876819207867
8,43.0,0.00019774163,-0.12424536537199113,0,0,-245.83982094829778,-0.24707519693296304
8,14.0,0.00019267036,-0.22716427039175127,0,0,-246.06698521868952,-0.2470552060428614
8,28.0,0.00018688297,-0.17336148809461688,0,0,-246.24034670678415,-0.24698129057852014
8,26.0,0.00020000746,-0.1871964533236513,0,0,-246.4275431601078,-0.24692138593197213
8,38.0,0.00018105803,-0.13408537100820636,0,0,-246.561628531116,-0.2468084369680845
8,20.0,0.00019999365,-0.20900775980024433,0,0,-246.77063629091626,-0.24677063629091667
